key	value
rdf schema	2264
entropi	1198
efficaci	4018
orthogon	0
directed graph	2268
binary number	3883
interchang	2
prefix	3
modular design	1214
dbmss	2265
kassel	1200
ontoedit	4
content management	2266
forget	2785
feature oriented domain analysis	997
authorit	5
accur	2267
ontoshar	3241
tweet	3242
web service	2786
autoslog	3243
deviat	1202
swap	31
preprocess	2006
worth	1203
natural language	371
digit	6
geospatial analysis	2086
subcategor	7
voic	2272
distort	1205
health informatics	1734
document clustering	3246
govern	2273
appar	60
time complexity	8
quantit	3247
vast	2275
natural language understanding	9
school	3248
medline	10
scholar	11
infer	3931
metaclass	3249
upload	1206
readabl	3760
vector	2276
terabyt	12
red	317
verif	2357
markov	2277
logmap	2364
corpora	13
snomed ct	1207
unsupervised learning	3252
speci	1208
commonkad	3253
miller	14
naiv	3254
direct	2373
horn	1209
brill	1210
consequ	1211
second	15
street	2643
discourse analysis	2280
owl	4159
follow	3730
chen	1213
n	3410
information space	1215
supervis	1216
dialogu	16
pace	2281
neg	2283
subsumpt	2284
calcul	2048
regulatori	1220
design methods	17
conduct	3257
supplier	3258
new	2286
net	2287
ner	2288
topolog	1222
metadata	149
specialist	151
elimin	2290
intellectu	19
associative property	2292
join	3810
men	164
web mining	3265
china	20
subword	3261
granularity	21
path	2430
information technology	1226
enterprise systems engineering	3262
forum	2442
k	22
akt	1229
precis	3264
credit	2297
orm	2623
naive bayes classifier	2847
knowledge based systems	2298
studi	1230
prolog	2300
controversi	23
tremend	3267
principle of maximum entropy	1231
campaign	2301
propag	2960
newspap	1232
unif	25
avenu	2302
substr	26
attitud	1234
total	1235
association rule learning	3268
polytechn	1236
unit	236
cost	3837
query optimization	2497
dna	28
describ	3270
gloss	1237
concret	3244
overhead	254
greedi	2498
recommend	257
decentr	2511
type	260
telo	2303
main	2607
normalized google distance	2304
web design	3273
relax	32
inflect	2407
relat	33
bioport	2305
yahoo	34
notic	35
web standards	3886
desiderata	1238
berlin	2307
computational linguistics	36
loss	2211
context aware pervasive systems	3274
origin	3275
consensus clustering	4074
ii	2450
word	1240
multinomi	3277
jess	2451
ml	3278
setup	2310
work	1241
mi	3279
conceptu	37
wors	1242
era	1243
ms	3281
mr	3282
root	1680
appropri	2720
novic	1244
alphabet	3653
workforc	2049
lexicology	1245
indic	1246
software development process	1247
object detection	1249
unavail	1250
educational technology	1251
multidocu	3286
attract	3287
cites	1253
logical form	949
service provider	2313
end	3017
hoc	40
thing	2877
collaborative software	1254
formal methods	41
travel	42
feature	43
classifi	44
concis	3290
hot	45
recoveri	1257
interview	1258
verifi	1259
negoti	368
ancestor	3293
perspect	46
updat	513
information technology management	1816
dialect	3295
abstraction	47
recogn	1260
intelligent decision support system	48
semantic computing	49
conjunctive query	50
chines	1261
earlier	1262
grading	2494
lab	1263
diagram	51
geoloc	2319
wrong	52
mesh	2628
machine readable dictionary	2320
unreli	1770
substant	2322
law	1264
antonym	53
demonstr	1265
inventori	3412
memori	3519
wiktionari	3573
domin	1266
sparql	1267
third	2326
minim	2173
imposs	3574
learning object	3302
alias	55
dispar	56
software development	3743
graph drawing	2278
incorpor	3305
suggest	3979
exclus	3306
worst	2309
web query classification	3307
cosine similarity	2328
order	1269
blind	1596
commonsens	2331
feedback	57
rule based machine translation	3310
diagnos	1270
offici	1271
failur	2186
pascal	1273
concurrency	59
affect	2274
multivers	2293
business domain	61
ontology learning	2332
flexibl	1274
vari	62
digest	2679
cohes	3718
unpreced	3313
fit	63
fix	64
babelnet	65
denver	1276
better	2333
offic	1277
complex	3415
information engineering	2334
persist	2335
comprehens	2052
binari	2860
hidden	66
swoogl	1224
easier	67
syntactic ambiguity	3921
descend	1392
propbank	2336
anim	2337
therapi	2338
tourist	3318
proce	479
enrich	68
safe	1212
rectangl	486
predefin	3577
ester	1907
promis	490
concept mining	4039
interdisciplinari	2725
tokenization	3169
tourism	2730
bank	1279
interrelationship	2733
tendenc	1280
grammar	2340
interoperation	69
l	1282
carnot	70
good	2864
raw data	3995
debug	71
top down parsing	1284
oblig	2342
classifier	1285
mean	533
healthcar	72
mdl	73
concord	74
laboratori	75
enorm	538
mda	76
spider	77
mdd	78
mde	79
tipster	2344
object language	2765
proteg	2345
extract	2346
clinical linguistics	80
medical terminology	3999
codebook	3083
depress	3320
unbound	2348
network	1288
gradient	2349
image processing	2350
urbana	572
crucial	2351
dss	575
fuzzy clustering	3322
mason	82
morpholog	1290
rewrit	2353
dsl	83
daniel	1291
pool	4111
adapt	84
context free grammar	3323
reader	2354
medicine	1292
rm	85
sme	590
impract	87
gate	3291
perception	2802
linear	2356
knowledgebas	599
audienc	3326
transduct	3251
situat	2358
mycin	2810
omiss	89
standard	1294
k means clustering	90
cure data clustering algorithm	3328
statistical semantics	2360
hand	1396
bottom up parsing	2827
widespread	3292
reconfigur	1295
reformul	91
angl	1296
iswc	1297
atm	92
correctness	2055
accumul	3407
substructur	3332
filter	3333
magdeburg	1299
atr	93
unabl	94
regress	2848
scheme	1813
subtl	1300
confus	96
benchmarking	1301
computer program	2561
synergi	4143
rang	2857
procedural knowledge	660
apprais	3335
grade	2363
independ	1302
coding	3336
biomed	665
capac	2636
restrict	3339
instruct	98
named graph	1303
wrapper	2101
robust	3893
massiv	2367
primari	1741
dimensionality reduction	1305
trainabl	2800
vector space	1306
nomin	1307
polici	2605
top	3342
amsterdam	2503
evolut	99
business process model and notation	363
fiction	2888
crctol	2368
telebel	2369
information science	1308
master	101
normalization	3419
information filtering system	102
dimensional modeling	1310
ranging	103
text mining	3344
danish	104
namespac	2372
tool	3346
random walk	106
semantic reasoner	3347
lower	3894
wisdom	711
bookshelf	3227
logical consequence	1313
recherch	107
nonrelev	2374
conserv	3349
adject	3581
hierarchical database model	3350
crawl	109
technic	110
symptom	2377
qualia	2462
systems analysis	1742
morphem	111
target	1314
keyword	733
organizational learning	112
provid	1315
connectionist	2380
methods of information in medicine	113
database	1917
tree	114
biolog	3745
learning classifier system	3354
expressive power	3355
project	115
pneumonia	116
plagiar	2384
universal networking language	2385
tion	118
prone	2106
hypothes	1727
provis	1318
fashion	2949
ontowiki	119
entail	120
madrid	3677
modern	2386
mind	2387
spectrum	121
hypothet	3357
raw	3358
aforement	122
system integration	782
chemoprevent	2959
manner	1319
increment	123
incompat	124
mknf	1320
dozen	125
strength	1321
realm	1322
galoi	3361
inexpens	4067
latter	1323
cqa	2690
thorough	3848
logic programming	1325
client	1401
natural language processing	2978
thoma	3362
online community	2391
top down and bottom up design	2487
anatomi	1327
simplifi	127
insur	3363
object	128
lexic	1328
nonlinear	2082
artifact	402
letter	130
phase	1329
contain	2147
sub	3749
tradit	857
broadcast	3103
simplic	2394
geographic information system	2404
deep linguistic processing	131
dom	2395
software requirements specification	2397
professor	132
web intelligence	2399
flow	3367
dog	2400
hospit	133
bracket	1330
search engine	2401
financ	3853
voting	3022
er	3791
sum	2217
pankow	3025
heuristics	3026
opposit	1332
random	3033
speedup	894
syntax	2403
protocol	2469
lstm	2405
complianc	2748
pcfg	2406
involv	1334
consolid	1335
bind	3371
latent	1336
ocl	3372
dblp	3300
language identification	1337
implementation	1338
menu	137
undecidable problem	2408
configur	3374
arpa	2409
bipolar	1221
aggreg	4048
theme	139
latenc	1339
explic	2410
rich	141
inference engine	3426
idiosyncrat	2411
axiom	3066
dl	1341
graph theory	2413
di	1342
champaign	142
de	1343
db	1344
da	1345
watson	1346
curs	3014
dw	1347
instructor	3884
du	2316
youtub	1348
symmetr	3259
dp	1349
reengin	3381
lexical semantics	3382
pearson	1351
bar	2414
diabet	1352
collaborative filtering	1353
overgener	3383
patch	146
bag	995
approch	147
architecture	1000
object oriented programming	148
pandem	2289
question answering	3384
comprehension approach	3385
respond	150
test data	3386
fair	1035
ongo	18
clinician	3951
kolmogorov	1354
light	4006
roadmap	3387
datatyp	1019
analytics	1355
infomast	1223
result	154
respons	155
robot learning	3122
christian	1356
charact	3120
optimum	1357
best	157
subject	2419
expertis	3389
awar	1358
tensor	3390
profession	1434
language model	347
heterogen	158
databas	2630
delphi	159
wikipedia	160
discoveri	3391
mathematical knowledge management	1360
figur	161
score	162
outstand	3393
invalu	1051
muc	3143
drawn	1362
approach	3394
attribut	2421
inabl	163
accord	1363
extend	165
machine translation	3913
confusion	3396
weak	3397
extens	166
wu	1364
harvard	2422
brown corpus	3399
preprocessor	1365
extent	167
vowl	2423
news	156
advertis	169
semantic web rule language	1366
okapi bm25	170
protect	3401
planner	171
ontosearch	2424
proteom	1458
axiomat	172
fault	3170
museum	2239
movement	2806
autonomi	3403
facet	3404
distributional semantics	3411
une	2425
ilp	1368
logic	173
countri	174
uncertainti	2426
abstract syntax tree	2427
data integration	175
con	1369
compromis	176
blank node	2428
assur	177
applianc	1370
ontolog	2429
excess	1751
systems design	178
comprehension	3405
polynomial	1372
diff	179
distributed knowledge	180
guid	1373
summar	181
document term matrix	3207
duplic	182
herbrand	3428
strong	3700
crossmin	2433
applications of artificial intelligence	910
union	185
deep learning	2097
convolut	1375
specul	1167
web crawler	2435
much	187
interpret	2294
interest	1176
basic	2437
known	3768
entity relationship model	3171
applications of uml	2438
life	188
regul	189
synthetic data	1376
worker	190
cross language information retrieval	3594
semeval	191
extensional definition	192
class hierarchy	2441
child	193
end user	1377
rimom	3376
pipelin	3916
physician	1378
bayesian network	1379
ident	1380
tsimmi	194
servic	2443
properti	1381
commerci	195
air	1382
employ	196
euclidean	197
near	1219
unsolv	198
pairwis	1384
aid	1385
metathesauru	1386
vagu	1387
sla	2444
named entity recognition	2644
ir	2447
bipartit	2584
toolkit	200
iw	2448
iv	2449
relevance feedback	202
player	203
elicit	204
im	2452
cone	3284
stanc	3691
ic	407
ie	2454
id	2455
sever	2456
user profile	206
harmoni	207
jame	2396
perform	1389
recursion	2694
make	2458
transpar	208
text corpus	209
drawback	3314
split	210
big	2977
success	3200
mayo	2668
european	211
pharmacovigil	2459
evid	1393
nif	1394
pubm	1395
determiner phrase	239
bibliograph	3418
ruleml	214
portal	2389
refin	215
semantic memory	3672
tune	216
statistical classification	2460
qualif	2461
information and communications technology	1397
mutual information	217
piazza	1398
scenario	1399
web mapping	3420
thu	1400
query language	3421
commonsense reasoning	3116
inherit	2464
qualit	2465
academia	1326
greatest	3422
stimulu	1459
programm	2467
bacteri	1402
shoin	3423
wider	3205
unchang	1331
search engine indexing	3425
multidisciplinari	3315
identifi	1333
background	2479
sentence	2470
photo	1404
nowaday	1340
ordin	219
bandwidth	2472
human	2473
ol	3688
prescript	3272
corpus linguistics	3427
urban computing	1359
languag	1361
transaction processing	1405
best practice	1406
visualization	3395
characterist	1933
easi	220
mix	3125
effort	2572
character	1371
ideal	3600
semantic mapping	2474
about	3213
syntactic predicate	1408
spread	1409
board	1410
lawrenc	3175
elp	3429
save	2476
explanatori	1558
applic	1388
usable	1411
backbon	3199
reuse	2477
ontology inference layer	3430
preserv	2282
part of speech	2478
ontogen	3432
arab	1412
fusion	1413
unification	1414
ontology components	1415
elabor	2480
archetyp	1416
authorship	3434
measur	223
scan	3520
standardization	2481
specif	1417
arbitrari	3437
contradict	3436
seek	2390
scientific communication	3441
manual	525
zoom	3438
web content	3535
divers	2434
unstabl	3444
avatar	3439
choic	3431
framenet	3440
example based machine translation	2538
unnecessari	2484
sensor web	1418
underli	225
www	2486
right	226
old	227
crowd	228
czech	229
negat	2482
interv	2489
disord	2490
maxim	1445
percentag	1419
word sense	2822
intern	2491
heritag	2492
indirect	3466
transmiss	231
conll	232
humor	1420
bottom	233
establish	2823
preliminari	3128
subclass	234
icd	3443
existenti	1421
track	2649
middlewar	27
fol	237
uml	238
cnl	3445
core	3446
particular	2831
message understanding conference	1422
idiomat	1483
marketing	305
fixpoint	3447
stefan	240
subspac	3448
confer	1425
constructive	1426
colleg	241
discov	3449
repositori	1427
peer	1428
post	1429
apfel	3308
trustworthi	3271
obo	1430
dilig	1513
hard	3702
obi	1431
groupwar	242
disjoint sets	3536
simul	2500
hypernymi	2485
coars	243
commit	2501
produc	3547
ordinari	1255
descriptive knowledge	2798
gazett	3215
algorithmic learning theory	1433
seeker	3460
ppi	3453
som	244
bound	1435
son	245
creativ	246
ontology based data integration	2475
jena	1581
opportun	1436
storag	3454
anaphora	1588
structural similarity	3455
categorization	3457
deal	2488
suffici	247
empirical research	3458
bioinformat	248
support	249
hypermedia	3459
ranking svm	1438
conceptual framework	250
happi	251
avail	252
reli	3580
joseph	253
editor	2506
way	1440
music	29
cind	4115
tediou	3288
asset	2508
lowest	1441
inqueri	3131
head	3461
medium	3462
form	1611
offer	256
forc	2510
wireless	3463
pagerank	258
information and computer science	3464
true	1446
schema migration	1447
week	4176
absent	1449
misinform	259
understood	2513
natural language programming	1628
geospati	1450
unlabel	2805
maximum	1451
hmm	4108
reiter	261
crystal	1452
inaccur	1453
phonolog	3012
fundament	3628
unrel	2516
dissemin	262
itiner	263
emoticon	3765
classif	2517
featur	2518
classic	2519
request	1457
abstract	1456
diagnosi	1647
textbook	264
parser combinator	3465
diagnost	2520
prover	265
gemini	266
exist	267
aqualog	2531
usability	3533
shiq	983
check	3841
assembl	3467
nl	3468
lo	3758
mashup	3469
excel	2522
ne	3470
actor	269
insepar	2989
flood	271
labeled data	1461
role	272
computer science	273
jone	1462
test	1463
webod	3473
solv	3869
realiti	1464
node	3474
matur	1162
theorist	3958
intend	275
benefici	3681
cybersecur	3684
norm	2236
isomorph	3871
diet	2951
intens	276
intent	277
consid	3475
sql	3476
loinc	3442
billion	1703
receiv	2457
longer	3477
furthermor	2526
dogma	2306
cloud computing	1711
cognitive psychology	795
pseudo	1712
recommender system	279
regression analysis	2253
information integration	3478
geometr	280
fact	1466
time	281
prior probability	3479
daili	2527
adult	2308
corpu	282
breadth	283
concept	1467
chain	284
semi structured data	2653
consum	1468
focus	3481
invent	2528
unlexic	3482
adjective	3483
trigram	1469
signific	3485
formal specification	1946
computation	3487
morphology	1743
document schema definition languages	286
hierarch	2529
decid	3142
manchest	3488
depend	515
transduc	1470
mous	3034
graph	1471
proxim	3489
intermedi	2514
substitut	3360
taxonom	3304
environment	3491
rhetor	2657
decis	288
editori	2533
terror	1472
sociolog	1763
lra	1769
brown	1473
predicate	1474
sourc	3776
string	2535
relevance vector machine	3770
domain analysis	1774
unfamiliar	3494
fourth	3541
feasibl	3495
search analytics	292
rationality	293
condit	1475
ma	3276
biomedicin	2536
exact	294
subcategorization	2537
cool	3498
ws policy	4177
well founded semantics	2849
expert system	1478
solver	295
single linkage clustering	296
reproduc	2993
hous	2833
iter	2539
magnet	2540
p	1479
unsupport	297
semantic compression	2542
team	298
quick	3503
shoe	2658
typology	2347
prevent	299
outlin	3772
dublin	3515
radlex	2544
trend	3504
relational calculus	3505
dependency grammar	300
sign	301
nli	3615
concept learning	1823
sensibl	1482
portfolio	3139
perplexity	3840
patient	2994
synchronous context free grammar	3506
pmi	3076
corba	3507
appear	1484
mt	3280
filler	2548
texa	2606
scaffold	1486
rome	2466
current	302
portugues	3773
template	2549
database theory	1423
information seeking	3508
geography	24
boost	304
personal knowledge management	1488
xml	1201
software design description	3509
pose	1424
defici	1489
deriv	2550
document classification	3510
arizona	3325
nuanc	2551
compos	4102
gener	1490
decidability	2836
genet	3408
vanderbilt	306
french	1871
bi	307
satisfi	1491
entertain	3512
modif	308
cad	3981
address	309
locat	4069
coincid	2553
viabl	3926
teacher	1492
intension	310
inductive programming	312
shift	2556
external data representation	2557
worldwid	1896
treemap	1494
constitu	3613
trial	1495
throughput	314
poisson	1496
extrem	2558
web page	315
boolean conjunctive query	1498
orient	2878
personalized search	3900
semant	3516
regardless	456
prerequisit	1541
extra	1501
modul	1924
collocation extraction	316
informatics	3927
subjectivity	1504
marker	3919
unithood	3517
theoret	3906
mobil	1505
planck	1947
market	1506
wealth	2562
spatiotempor	318
univers	1957
visit	2563
information technology architecture	3521
interdepend	3522
perl	2564
crowdsourcing	319
live	1508
propositional calculus	2565
dbpedia	2566
centroid	3606
formal concept analysis	1510
enterprise information system	418
scope	321
data management	1511
polysemi	2567
plug	3526
lexical choice	1971
afford	1975
peopl	322
claus	323
oren	2499
oaei	324
enhanc	325
semantic lexicon	326
business process	2570
visual	327
appendix	328
feature learning	1515
dualiti	329
data processing	330
metamodeling	4149
web accessibility initiative	331
behalf	332
canadian	2574
srl	1688
graphic	1517
feature vector	1518
alchourron	333
human computer information retrieval	2004
car	1519
prepar	1520
lexical similarity	3528
judg	3529
focu	1521
imper	2577
cat	3378
fli	2578
descriptor	336
ontology alignment	2140
inadequ	2505
tracing	1951
webster	337
purpos	3530
product lifecycle	338
traceabl	1952
problemat	1509
nearest	547
web resource	3805
practition	1525
stream	3534
ranking	2581
predict	2582
chip	1526
agent	2583
literatur	1432
topic	1527
weighting	1528
reference architecture	1225
expectation maximization algorithm	1529
galen	1530
information access	489
peer to peer	342
search algorithm	343
pairwise comparison	344
cardin	481
swedish	3538
differenti	3539
redundancy	1532
multipl	4002
empirical evidence	339
economi	1534
write	1535
computer vision	2063
vital	3540
criterion	1536
social semantic web	1537
social psychology	2068
xhtml	345
entrench	1538
parameter	346
unstructured data	1539
decision support system	2920
map	2589
product	1540
paramount	3542
dialog	3928
book	4174
may	2591
max	2592
clone	3543
usabl	2593
idf	1955
membership	2093
cours	3778
date	349
data	350
annotation	1542
harmon	351
classroom	3544
statu	3514
noun	2596
practic	3545
beam	3145
sr	352
cbn	3709
database testing	3289
sw	353
lemmat	3546
st	354
q	1480
programmat	2844
workload	2611
combin	3548
interoperability	3549
blowup	355
michel	1545
extractor	3551
lsd	2597
lsa	2598
dierent	3179
cognitive science	3071
lsi	2599
stability	2600
structuring	356
tagger	1547
extended wordnet	1548
ieee	1550
dynam	1551
entiti	2602
ethic	1552
divis	1553
conjunct	1554
temporal database	359
monitor	2164
preced	4056
semiautomat	360
interesting	2166
precondit	1555
web application	3554
platform	3555
window	1556
musen	362
foundat	3053
factual	1557
misconcept	2608
non	1559
recal	1560
finance	2609
matcher	364
ldoce	1561
automobil	2191
initi	2195
nation	365
scaling	1563
suggested upper merged ontology	366
user interface design	1564
therebi	367
half	1565
parsing	2502
t norm fuzzy logics	3557
gardenfor	1566
introduct	1567
critiqu	1568
term	4134
anteced	369
organ	3147
language acquisition	370
bursti	1570
revers	373
advent	3559
separ	374
magazin	1571
change data capture	1572
confid	2317
presenc	3717
compil	376
el	1574
domain	1575
notabl	520
citat	1577
agil	2614
ee	1578
ed	1579
eg	1580
feature extraction	2615
continu	2616
ec	2329
breakthrough	377
persian	3561
scienc	3780
yield	2670
year	1582
eu	1583
et	1584
lesson	3000
baselin	1497
logical reasoning	378
streaming xml	3563
space	1587
profit	3564
probabilistic database	3565
profil	3566
mcca	379
manageri	2504
rational	1589
internet	380
formula	381
ironi	1590
sensor	2618
correct	2619
gram	2146
knowledge sharing	2620
diseas	2621
older	2381
plm	3518
sheffield	3795
million	382
polysem	3568
argu	1591
headlin	2295
orl	2825
statistics	1960
california	2299
theori	896
anchor	3348
deepdiv	1503
gateway	3055
card	543
care	1592
rdf query language	1593
reusabl	383
departur	384
syndik	3569
frequenc	2626
cube	4072
synchron	3695
modest	385
british	1595
motion	3571
change detection	2627
package development process	3296
place	134
qo	4080
principl	2871
think	2914
volumin	1889
geolog	2321
oper	386
intuition	387
unannot	2633
clausi	388
improvis	389
spoken	390
agricultur	3712
parser	2446
requirement	4082
tableaux	391
one	392
acquisit	2634
fast	2635
spanish	394
vote	395
array	3576
open	396
lexicograph	397
data mapping	4063
size	86
sheer	1597
software maintenance	1060
convent	398
bookmark	1598
normalized compression distance	95
database schema	4083
cross domain interoperability	2637
first order logic	2638
citi	399
checker	1599
cumul	1600
draft	2370
averag	2639
circl	105
clinical decision support system	3134
proposit	3579
conveni	400
friend	1601
fma	401
index term	3583
fraction	2507
hub	3584
public	2804
copi	3585
instance based learning	4075
specifi	129
itemset	2393
agglom	403
logist	404
pnl	1603
knowledge value chain	2642
attempt	2325
semantics	1604
serv	3748
wide	3587
iceberg	406
wsml	2754
wsmo	2759
recruit	153
redefinit	2418
r	1
n gram	933
posit	213
syntagmat	409
browser	1606
prospect	410
analysi	1607
bootstrap	3301
pra	3593
influenti	411
generality	183
prm	186
rule based system	1788
argument	412
generalization	3595
sad	3933
ant	3596
hownet	2445
delta	3939
allen	413
knowledge base	2645
sat	414
gahc	3598
engin	1610
techniqu	3599
advic	2647
consortium	2471
note	415
semcor	416
satellit	1612
language of temporal ordering specification	1779
exploratori	3602
environ	3779
paraphrase	3603
matchmak	417
markup language	224
channel	2648
incoher	3815
contextual image classification	1613
begin	230
sure	3604
shade	3789
trace	2493
normal	2495
semantic web stack	235
price	1614
compress	419
latent variable	420
language technology	421
fca	3181
information system	1616
pair	2650
librarian	3607
multiag	422
curse of dimensionality	423
synthesi	1617
synonym	2651
rescu	1618
innov	2677
sale	424
cyber	3832
quantiti	268
script	3825
runtim	4059
textual entailment	3609
pattern	3151
mrd	1619
steadi	278
review	3625
multilevel	3007
shop	2652
shoq	1109
multilingu	2654
lexicon	2655
lexicographical order	1620
second generation programming language	2852
show	2656
german	1621
parsimoni	428
intrus	2092
merit	429
geographi	1622
balanc	3589
concurr	1623
sargable	2543
permiss	3614
migrat	3567
threshold	2659
composit	3309
qom	430
markov chain	2660
nlm	3616
effective method	431
ground	303
slot	432
adarank	433
slow	434
ratio	635
s attributed grammar	435
dlr	4087
transact	436
apriori	2559
activ	437
analyst	2512
synonymi	3311
parametr	2664
wood	320
black	2665
analyz	3619
schema evolution	438
relational database	439
analyt	3620
analys	334
first	2632
ontogain	1625
data modeling	2666
dissimilar	440
viewpoint	559
rerank	2586
secondari	2669
aim	1383
chemic	4088
erent	441
computational intelligence	361
requir	443
prime	444
reveal	2138
flickr	2047
outperform	375
dramat	3621
intrins	290
bag of words model	3622
roget	446
scientist	2716
roger	447
organis	4038
mediat	2412
fall	2793
telecommun	1629
intelligent agent	1630
vision	448
summari	2671
wiki	2672
interlingu	1631
hour	3499
similarity heuristic	3790
spars	453
labori	3623
paradigmat	450
seal	2674
institut	1961
sport	1632
translat	3106
concern	1633
infinit	2675
detect	2269
autotutor	2676
newswir	2523
computational semantics	425
amen	4090
ubiquit	451
word order	2515
label	1159
resid	1932
enough	2756
volatil	3592
john	2897
import	1635
artificial neural network	1636
committe	4096
assumpt	1169
absenc	3626
parent	4114
social network analysis	3627
system of systems engineering	3629
screen	2680
citation	2766
style	3793
tacit	2681
smartweb	1637
cycl	455
coma	3630
reaction	3631
data visualization	1391
domain model	472
region	3632
autonomous agent	457
contract	1963
efficient xml interchange	1454
mont	1638
inconsist	480
code refactoring	1640
embedding	483
mani	458
ontology engineering	2686
unstructur	3558
expression	459
specification language	2687
curv	3011
cancer	2688
color	3635
overview	1641
inspir	502
alc	3636
period	54
ontology language	58
sampling	508
duti	3637
exploit	1643
pom	512
data mining	460
typic	3638
endeavor	2929
coloni	3639
flame clustering	461
damag	519
epistemology	462
ultim	2921
clarif	1644
semantic query	463
lexical density	1268
invert	534
conceptualization	2691
invers	1645
slum	4152
mark	2692
workshop	2693
xml database	3641
collocation	1646
individu	3560
addit	4093
reflex	465
software engineering process group	3642
quality of service	466
ontobay	467
visual analytics	558
gist	2771
speech synthesis	3932
software peer review	468
termhood	2695
thousand	469
resolut	470
open biomedical ontologies	3645
blank	3823
proven	1648
aviat	576
lectur	2697
spirit	580
pilot	3647
sound	2698
interoper	2792
thesi	1649
bpmn	1650
non monotonic logic	3797
stereotyp	1651
engineering	3015
outcom	2699
methontolog	2700
coco	2701
invoc	2702
margin	2814
program	3731
anytim	358
cadastr	1652
advantag	2703
semantic matching	2226
metric	1653
fifth generation programming language	474
henc	1654
destin	2705
management science	626
bias	1655
warehous	475
ambient	476
protein	2707
cidoc	2683
formalis	639
wordnet	2709
automatic summarization	1656
par	2846
formalism	477
develop	1657
author	653
media	1658
medic	537
econom	478
glr parser	1659
fragment	1278
tutori	1639
speech	2710
promin	2339
lite	664
spatter	1790
document	1660
hermit	3657
breakdown	482
exhaust	2711
oil	2712
web search engine	2713
forecast	2678
nest	681
assist	2714
driver	3659
web server	2640
data stream mining	485
visual word	3660
driven	1806
capabl	2717
asium	3661
fruit	1662
hidden markov model	1663
business rule	2883
improv	2685
extern	487
railway	3634
complete information	488
pennsylvania	3662
markup	2721
page	2215
justifi	3663
vnew	1665
eisner	2722
foaf	1661
learning to rank	2868
model	3664
workplac	2723
pronomin	491
genia	492
enterprise modelling	3665
protege	3666
object model	2724
part of speech tagging	493
manifold	494
abund	721
execut	2726
statistical assumption	729
compound	2866
neon	1666
remov	1860
conceptual schema	495
unclear	3668
refactor	1460
aspect	2727
speed	748
concentr	496
heuristic	3669
versu	1667
europ	1668
pillar	2662
task analysis	756
hint	758
inductive transfer	2729
except	218
littl	497
desktop	1669
identif	766
instrument	498
treatment	772
versa	774
change management	2728
haystack	500
semantic heterogeneity	2732
momentum	1670
abstract syntax	501
idiom	3715
leipzig	3671
latent dirichlet allocation	503
psl	788
data warehouse	789
read	1777
grammat	2453
sumo	2719
np	3471
categoris	504
information visualization	505
traffic	506
sofi	1927
world	507
walk	4099
machine translation software usability	1673
data compression	509
patrick	3673
integ	510
server	2735
darpa agent markup language	511
cooper	3674
cascad	1676
output	1677
inter	1311
manag	514
function	3914
deduct	3675
alan	3586
verbal	850
dolc	2737
knowital	516
universitat	2167
legitim	274
information retrieval	1679
satisfactori	517
adequ	2738
respect	3679
idef1x	642
constitut	518
matching	732
vector space model	2739
controlled vocabulary	3680
fuzzy set	3041
faster	3706
mood	880
rule of inference	2740
characteris	883
definit	3027
iff	1787
legal	889
cv	1681
clustering high dimensional data	2622
intract	4097
evolv	3032
impress	3989
complic	899
refer	521
immun	3686
evaluation of machine translation	4077
business	911
ration	524
uniform	3850
schema matching	1137
utter	4068
referr	2741
ontology	1683
comparison	1684
stone	526
patent	3303
central	1685
coupl	3640
ace	527
sre	1686
sri	1687
meaning	3948
acm	529
side	2343
untag	3705
degre	1689
statistical relational learning	2743
neighbor	530
act	531
sqo	3692
industri	532
parallel	3299
skew	2001
road	2744
routin	2964
outlook	1690
effici	535
prohibit	4016
elementari	976
communication	3696
feature selection	3936
terminolog	2746
markov model	3187
ontoclean	1691
transcript	3129
explicit semantic analysis	1692
brown clustering	2747
probabilistic latent semantic analysis	3912
operator	989
pivot	536
nurs	1286
mental	2872
straightforward	2788
ehr	3698
log	1693
lod	1694
area	1695
yarowski	452
user requirements document	2750
lom	1696
strict	1702
compliant	2751
requirements elicitation	1697
verid	3250
low	1698
lot	1699
submiss	1700
premis	1701
text segmentation	2755
treat	2168
reus	3860
verb	1735
timelin	2873
conclud	539
regard	3703
posterior	1704
infrequ	2758
computer security	540
categor	541
sawsdl	4139
conclus	542
phrase structure rules	1706
notat	3400
tripl	544
dirti	545
stanford	1058
default	1707
robustness	546
unusu	2762
exemplar	2763
grasp	3707
keyphras	1709
embed	2764
stochast	1710
age	3834
connect	2875
cbc	3708
ac	548
semantic role labeling	549
ad	2973
creat	550
ai	551
certain	552
systems architecture	553
mobile computing	1713
al	554
ao	555
rvl	3710
cbr	3711
ap	556
health care	557
liverpool	4106
decreas	1714
file	2768
cultur	2769
harvest	3064
conceptual clustering	2757
proport	2770
webhous	3809
cream	560
incorrect	3713
cohesion	1465
completeness	1715
googl	561
tradeoff	3024
collin	562
kaon	3644
hybrid	2774
bremen	563
marketplac	1117
event	427
field	2775
valid	1716
compet	3716
rdbm	1126
spatial	3195
mathematics	1129
spoken language	2761
architectur	3201
poor	1718
polar	1719
discours	3719
registri	1144
vocabulary	564
genetic algorithm	565
sequenc	2776
symbol	3720
drift	1720
multidimension	1155
dynamic logic	2778
polynomi	1158
briefli	3722
vocabulari	567
nonmonoton	1721
qualitative reasoning	1722
edutella	568
reduc	1175
position paper	569
guerick	1724
directori	3723
invest	3724
descript	3232
rule interchange format	1725
inevit	1726
mass	570
token	2870
potenti	2070
directory	3725
supervised learning	2783
cpu	571
represent	2784
smt	81
consider	573
illustr	574
lack	3727
standardis	3612
month	1728
bayesian	2696
correl	1729
abil	3729
reson	577
user experience design	578
disk	1148
children	2787
kqml	1730
content	2352
andrea	3646
champollion	1227
tv	579
equivalence	1731
former	471
tm	581
tj	582
th	583
queri	2525
tf	584
sustain	1797
tc	585
introduc	586
e commerce	3319
liter	1248
normalis	587
deeper	2439
ingredi	2175
fals	2789
quantif	2323
faq	3733
offlin	2790
determinist	3166
util	2791
personnel	2773
candid	588
mechan	1736
computational logic	1737
bottleneck	2794
strand	591
induct	201
pre	3591
unigram	592
wsd	2795
harri	593
lisp	3735
finnish	1935
regular expression	3744
clickthrough	3331
list	3736
antonymi	1287
document structure description	2796
circuit	3952
adjust	594
bleu	3737
cosin	1738
plain	3168
small	595
align	4020
dumai	3486
dimens	1739
enterpris	596
homonym	1740
sapienza	3340
neighborhood	2799
ga	1990
ten	3739
unsatisfi	3741
denotational semantics	1312
past	597
precision and recall	3366
rate	1316
monolingu	1744
design	1317
pass	598
ter	3746
casual	1745
proxi	3747
excit	3063
typolog	1586
navig	88
computational learning theory	3365
suo	3750
marathi	2803
section	600
learner	1748
brief	3975
overload	3752
delet	601
abbrevi	602
version	3753
intersect	3513
method	603
contrast	604
essenc	1749
literari	3028
segmentation	3754
full	605
hash	606
variat	2807
sophist	2808
karlsruh	2809
behaviour	3755
modular	1750
middl	3756
box	2555
free	2811
inher	607
microblogging	2530
ineffici	2359
modifi	1752
ignor	1753
valu	2812
arena	1754
search	2813
core ontology	3757
prior	610
amount	1390
pico	611
social	612
action	613
introductori	614
narrow	2815
magnitud	3759
medicin	1403
tour	2684
depart	615
curat	2816
primit	2817
transit	2818
boosting	2819
b	2820
vip	616
inappropri	2821
famili	1758
heurist	3761
viz	618
formal verification	3075
perceptron	1759
select	619
dieter	3838
aggress	1760
executable	620
web analytics	1761
eye	3450
proceed	3763
distinct	2824
regist	2826
coverag	1562
infosleuth	1437
formul	1439
named entity	1762
autonom	3764
minor	3121
swoop	2532
reachabl	621
flat	1455
mellon	3497
desir	2828
divergence from randomness model	3766
correlation clustering	3874
canon	2829
hundr	622
coraal	1283
probabilist	3767
proper noun	3283
uddi	2830
aris	1997
neurosci	3484
inverted index	3769
compani	623
argumentation theory	1764
cach	624
church	4144
management system	625
none	2832
puzzl	3330
valuabl	1477
cluster	2706
recall	2834
document definition markup language	1821
principle of compositionality	627
histori	1765
paragraph	2835
learn	628
clutter	3651
full text search	3762
spite	3373
prompt	1918
dual	3231
magpi	2534
pointwise mutual information	3775
challeng	630
registr	631
share	2837
templat	1516
cation	2838
sphere	2839
minimum	2840
rdf xml	632
pointwis	1522
explor	2841
explos	2842
logical schema	3777
phrase	1771
service discovery	3537
keyword extraction	2151
paradigm	2468
huge	636
answer	2315
interconnect	637
hash function	2022
modular programming	638
secur	2843
rather	1544
comfort	1863
hypothesi	3649
botan	1549
co occurrence networks	640
reject	1773
iso	2361
reasoning system	3652
simpl	641
csp	2845
plant	643
infecti	1627
resourc	3781
aktiverank	1804
algebra	3782
chunking	3783
wiley	644
variant	645
catalog	3786
optimization problem	2524
reflect	1594
fa	1775
agent architecture	646
plane	647
bioinformatics	648
undergradu	3051
distributed database	2850
varianc	649
associ	2851
isa	2362
lexical functional grammar	650
gaussian	4167
stabil	1776
circumst	652
short	3787
documentation	1608
semantic integration	2853
ambigu	3788
caus	1609
imageri	654
social software engineering	655
ensembl	3605
volum	3035
phrasal	2624
lexicalis	656
preposit	2855
traceability	2015
cimino	221
hierarchy	1780
taxonomy	1781
hypertext	2856
undesir	3351
mission	1878
tupl	2858
trade	657
paper	658
scott	659
hierarchi	1999
taxonomi	1782
suffer	3624
paramet	1783
mereolog	2859
microarray	661
brows	1476
encoding	1808
subtop	3316
relev	3962
late	2861
user interface	662
html	3654
exchang	2884
stephen	3796
penn	2862
nltk	2854
transitive relation	2863
alter	3798
finer	1784
clariti	97
return	3799
item	2541
food	1785
sentenc	2420
cem	2976
largest	3800
framework	3801
subtask	1664
rank	3337
snome	2185
oxford	2867
semi supervised learning	1786
necess	3338
animation	3601
case based reasoning	1756
administr	3802
level	3500
unlik	2365
critic	2869
graphical model	666
fsa red algorithm	667
achiev	668
reactiv	357
human computer interaction	2189
fellbaum	2188
compris	1682
genom	669
intervent	1789
friendship	3803
subsystem	3693
darmstadt	670
soupa	3368
transform	2545
weight	3804
knowledge management	671
monoton	672
idea	2874
procedur	673
heavi	1791
linkag	3806
persona	2780
top down parsing language	3982
benefit	1675
web search query	3808
personalization	2928
http	2192
energi	2876
reduct	675
perceptu	1792
safeti	1794
psychology	676
encod	3556
lexicographi	677
robert	1795
publish	1796
research	678
abl	3369
health	1733
textrunn	3812
lexicography	679
print	2879
indexation	3734
occurr	680
difficulti	3740
qualifi	682
plain text	1798
wisconsin	3814
belief	683
advanc	1747
yale	3502
guess	3816
promptdiff	2715
belief revision	3817
reason	1755
base	1799
mafra	2880
algorithm design	2881
teach	3819
basi	1800
prefac	685
thread	3821
english	4124
nomenclatur	3341
modularity	1443
lingual	686
caption	1801
american	1802
schemata	1803
due	3881
w	687
universidad	1805
freiburg	2882
discriminative model	2718
assign	1778
feed	205
major	3792
unrestrict	2889
obviou	1807
upper	1481
articl	1732
number	688
noun phrase	1809
least	2061
formal ontology	2885
semiform	2886
stabl	2887
functional dependency	1793
miss	1810
differ	689
leverage	690
resnik	3824
exponenti	691
interact	1140
bay	2415
tove	692
construct	805
swarm	866
stori	3826
statement	2890
cfg	3967
compromise	2891
reorder	3943
molecular	693
disagr	1814
store	3827
schema	1815
generative grammar	3828
imperfect	1832
option	3829
relationship	694
mildly context sensitive grammar formalism	4122
sweet	3875
hotel	3830
park	2892
commonsense knowledge	3831
pari	2893
molecule mining	1817
tivo	1818
nci	1819
pervas	696
pars	2895
web api	1845
consult	697
induc	3864
data web	4169
semantic analytics	2896
context awareness	1820
kind	3835
hearst	1309
contrari	2898
cyclic	2899
remot	1858
lexical analysis	1822
neural	3183
speech processing	2546
dtd	1824
joint probability distribution	1931
bridg	1825
semtag	1826
discrete mathematics	3865
arrang	698
toward	1828
word error rate	1829
debugging	2901
comput	700
urban	3345
ifc	1830
defect	701
peculiar	2376
adversarial information retrieval	3255
packag	702
dublin core	2902
complet	3417
deductive database	1831
null	1902
karl	1833
lie	1912
unintend	1834
metabol	704
equival	705
superior	3843
software architecture	1835
lin	1836
violat	3842
judici	4061
knowledge extraction	707
multi agent system	1925
analogy	708
computer programming	2203
quillian	2903
rna	3416
qbse	3915
play	709
distribut	2904
kad	1837
application domain	1838
previou	2905
reach	3285
mixtur	1949
logical data model	1840
prolifer	2907
plan	710
latent semantic indexing	445
southampton	3334
ka	2909
clear	1841
popularity	1842
cover	313
km	2911
web modeling	713
speech recognition	3844
kr	2912
part	2894
clean	1843
document retrieval	3972
usual	1844
microsoft	714
sector	2913
commerc	3957
reific	715
phenomenon	1847
gold	716
treebank	3398
affix	717
sentiwordnet	1848
grid computing	1849
session	718
particularli	2915
reput	719
fine	2916
affin	720
backtracking	2918
impact	722
cell	2010
colloc	724
business process management	1850
ineffect	725
query expansion	2375
seri	3590
writer	726
solut	727
lexical item	728
factor	730
tbox	1852
hit	3852
lexica	1853
supersens	3352
lexico	1854
web 2 0	2745
sf	2129
cheaper	2924
barrier	1293
nativ	1855
mainten	731
rest	2925
pellet	2926
rfq	4019
appeal	1487
ubiquitous computing	1856
synthet	734
princeton	2379
clinic	3189
acut	735
plsa	2081
singapor	736
computer engineering	737
crf	738
common	2927
bilingu	2216
x	1859
trec	739
crm	740
semantic data model	741
genex	3364
set	742
art	3084
testbed	3190
adopt	3414
creator	743
overwhelm	744
ontology chart	3889
decompos	2930
arc	3857
description logic	2931
lisbon	2932
disadvantag	341
cache language model	1862
skill	3858
analog	745
word association	1171
connectionism	2382
simultan	4126
default logic	747
expert	2933
matter	2383
mine	2388
chart	2906
l attributed grammar	3388
particip	1865
debat	2936
case	3648
testb	3197
restructur	749
myriad	2937
white	3582
entity linking	3054
call	3794
experi	2938
parsing expression grammar	1866
altern	2939
signatur	750
catalogu	1867
syntact	2154
numer	1868
lexical database	3353
complement	2940
estimation theory	752
scalability	1870
user generated content	2781
rapid	3868
premise	2941
consumpt	1827
distinguish	1872
noisy text analytics	2552
minut	2943
popul	2944
spatial query	753
c	3870
last	755
xacml	1873
hyperlink	757
alon	2945
topic model	759
foreign	335
latent semantic analysis	3872
portabl	3266
context	2193
biopax	760
semvers	3873
upper and lower bounds	761
business process modeling	2900
whole	762
contemporari	2661
load	4125
cql	2689
linked data	2206
metadata repository	3375
episod	763
meta data services	4154
point	2947
instanti	2948
schedul	764
dimension	3643
proton	1874
kernel method	3876
residu	3045
probability distribution	765
carlo	3037
information schema	1876
neuro fuzzy	1877
suppli	2950
lar	3877
lemma	4070
simpler	3212
automatic indexing	3356
pr	4055
blog	2023
pp	3879
vertic	3046
java	3880
publishing	767
online analytical processing	3813
help	1407
devic	768
swd	2180
calculu	769
decision tree learning	770
daml	1880
unambigu	771
kraft	3236
modal logic	1881
strategi	1177
firm	773
domain knowledge	1493
exercis	499
enterprise integration	4175
imag	1882
citizen	3193
remark	3048
ecosystem	464
coordin	1883
racer	775
understand	2953
demand	712
repetit	2954
educ	776
fuzzy logic	1884
convers	2955
pact	1885
gender	2002
loom	1887
uncertain	777
look	1888
solid	608
simple knowledge organization system	2956
erron	778
mln	779
histor	780
forgetting	781
seed	703
unifi	2958
smart	4132
behavior	3885
error	783
abox	3924
anonym	3452
loos	2296
loop	1891
knowledge organization	784
landauer	1892
real	1671
pragmat	1893
information structure	2961
hendler	1894
readi	1895
centr	30
cooccurr	3321
f logic	1897
services computing	785
herein	1898
rim	2311
costli	3052
centuri	38
conceptualis	3108
quadrat	1899
li	3496
illinoi	2314
recurrent neural network	1900
pedagog	1901
chase	786
irrelev	787
baseline	2324
grant	1903
knowledge level	1904
belong	2330
hadoop	3888
shorter	790
lengthi	3890
decod	791
grand	1906
bibster	792
radiolog	1908
attack	3343
anatom	793
composition	1909
conflict	1910
higher	2341
archiv	2965
active learning	794
optim	1913
information needs	3219
wherea	3891
alert	796
software construction	3839
moment	2966
user	1915
impedi	3892
multimod	2366
domain specificity	797
provabl	1705
specialis	1916
stack	100
recent	798
knn	799
dark	2967
travers	2968
task	108
pattern recognition	2969
machineri	3895
software versioning	2156
eleg	800
entri	117
searchabl	3896
conditional probability	4131
hierarchical clustering of networks	126
person	801
realiz	3133
expens	802
elev	803
landmark	348
grid	2734
academ	804
tast	2970
self	3897
propos	3898
explan	2971
lda	135
unseen	3899
semantic network	806
vold	3983
collabor	3901
relianc	3902
shape	2972
data stream	3903
inference	1500
taiwan	1919
reason maintenance	3904
oa	3690
data retrieval	807
predomin	1921
cup	1602
data exchange	3905
danger	2019
zurich	2974
bww	3109
corefer	2432
informat	1922
cue	2975
trecvid	808
multiword	809
theorem	3907
relevance	810
input	811
subsequ	1923
build	3908
ws i basic profile	199
ontolingua	3198
marco	1926
vendor	3909
satisfiability	812
format	813
prefer	1928
subfield	814
chapter	3532
molecul	1929
intuit	815
bia	2979
judgement	2980
game	1930
quest	816
insert	1708
falcon	817
bit	2169
abduct	818
information model	819
formal	820
reusability	2981
semantic technology	821
support vector machine	822
stylist	222
semi	2982
similarity measure	2983
reconstruct	3380
unified medical language system	824
signal	1936
resolv	1937
manifest	1938
unsatisfactori	3650
collect	2946
princip	2984
boolean	2021
disambigu	2985
valenc	1939
corpor	1940
popular	1941
terminology	1942
image retrieval	2986
sketch	1943
often	2987
acknowledg	825
creation	2509
back	2988
phone	3917
global	3918
urgent	1944
sampl	826
probabilistic relevance model	1674
affili	3922
surpris	3920
variou	2667
ontop	270
ontology merging	3206
greedy algorithm	4100
automated reasoning	827
scale	2990
decision	2991
novelty	828
pharmaceut	829
knowledge representation and reasoning	285
folksonomy	2024
recognit	831
unified modeling language	832
mathemat	2992
larg	289
body of knowledge	3923
slang	3327
synset	291
novelti	833
recogniz	834
machin	835
be	836
run	1948
bm	837
bn	838
database transaction	2736
agreement	839
stem	2554
bt	840
step	1950
fee	2865
bigtabl	841
bs	842
everyday	2708
metaphor	2027
wsdl	2996
constraint	2997
mendelzon	843
materi	844
prove	1507
data model	1953
simulation	1954
viabil	3910
regular	2392
modal	2590
computer network	2028
pertin	1178
ide	1905
semistructur	2998
block	1956
charl	2908
repair	4153
emphasi	3929
colorado	845
plethora	3930
knowledge acquisition	4117
contributor	846
tree kernel	3676
idef5	1958
artifici	2617
idef3	1959
risk	2312
semantic equivalence	847
websit	3057
inclus	3001
legal expert system	848
span	849
carnegi	1962
spam	851
software design pattern	852
question	2625
percept	3523
textual	393
custom	853
adjac	3935
camera	2031
handbook	3002
includ	3003
suit	854
forward	3004
proof theoretic semantics	855
xpath	856
sdp	3005
perplex	858
subgraph	859
kb	3937
poster	860
semantic similarity	3006
criteria	3524
twenti	3833
decomposit	861
cloth	3938
fuzzy set operations	1964
link	862
sda	426
newer	1965
atom	863
russian	1272
sun	3751
line	864
mitig	865
specialti	2663
stop words	3941
dynamic programming	3008
consist	3942
middleware	1966
simplif	2483
up	867
us	449
um	868
un	869
today	3525
uk	870
semiot	3010
highlight	3944
z	2682
similar	1967
alarm	2398
yago	1968
v	3774
constant	3013
software walkthrough	871
reconcili	872
ws addressing	873
repres	2279
incomplet	1970
string metric	3294
chat	874
home	2222
special case	875
spontan	2254
coder	484
paradox	876
computer user satisfaction	1972
titl	1973
sequenti	3016
water	3511
invalid	877
rewriting	1974
priori	3018
librari	2223
data collection	2378
asymmetr	3019
nice	3946
pharmacogenom	878
draw	1976
curriculum	2568
qbf	1977
benchmark	3020
process modeling	523
finit	3947
william	1978
rise	2318
oregon	1979
computational complexity theory	3021
clue	1514
enzym	2752
transfer based machine translation	3949
polysemy	2569
agm	3060
svm	1980
e	1981
algorithm	881
vice	3950
svd	1982
notion	3023
discrimin	882
depth	1983
narrative	2262
rigid	1984
dvw	2779
dvp	1985
extensibility	884
prototyp	3954
essay	885
rte	3847
evidenti	1986
code	886
partial	887
examin	2571
process management	1987
gp	1988
scratch	888
vldb	1989
coeffici	3863
sentiment analysis	1911
proposition	2797
landscap	3682
broader	890
stratifi	3964
go	2801
cognit	1991
gi	1992
compact	1993
privat	3029
simon	3959
turkish	609
sensit	2116
semantic gap	1994
lkb	1995
friendli	1996
granular	3031
applied linguistics	2573
visitor	2402
sens	893
maryland	39
formal semantics	1998
knowledge modeling	629
probe	4047
mainstream	3960
wave	2000
tree traversal	651
electron	3961
encycloped	895
disast	897
big data	2919
social web	2575
tri	3849
northwestern	898
augment	3990
text graph	3963
scripting language	212
perceiv	2040
michael	2003
geograph	674
fewer	900
simple lr parser	901
olap	2005
declar	4023
psycholinguist	2041
programming language	3685
related	4025
vehicl	902
impli	903
smaller	3965
visualis	3317
service oriented architecture	1448
soba	3966
odp	905
natur	906
encourag	2231
maintain	2327
investig	3968
video	3312
snowbal	699
earth	3036
download	2007
machine learning	3969
odd	706
click	2008
compat	3655
index	909
font	2009
power	522
compar	3971
chicago	3038
resembl	904
multimedia	912
logical framework	3039
mammographi	913
relationship extraction	3973
find	2917
access	723
business process discovery	3974
experiment	2922
coreference	914
iterated function	3976
frequent	2631
foundational model of anatomy	3992
materialized view	915
distributed computing	3040
lee	746
elect	2560
absolut	3370
lexical grammar	3042
tabul	3978
hierarchical clustering	2011
lem	916
broker	3043
closur	3044
layout	136
becom	2012
fifteen	917
implicit	3047
acquir	4136
great	918
scalabl	3065
copyright	1851
tambi	2013
cluster analysis	3531
genu	2014
technolog	919
host	3211
later	3608
defeas	920
tree structure	921
rdf	922
survey	923
rdb	924
earli	3049
opinion	925
chang	2017
theoretical computer science	1523
maker	926
chanc	2018
employe	3069
calibr	927
heart	1524
appli	3984
approxim	1864
emot	928
disciplin	1048
folksonomi	2020
semantic html	3985
restaur	138
expect	3807
motiv	4112
api	892
uniqu	2576
causal	830
cloud	2025
social media	2026
use	2995
cornerston	2742
test set	929
commun	930
swoogle	633
doubl	931
seamless	3056
conceptual graph	2029
next	932
implic	2030
busi	140
postprocess	2032
imprecis	3058
semantic grid	3059
stage	2033
start	3987
adequaci	2034
sort	3988
model based reasoning	3887
trait	3061
natural language user interface	3062
freebas	934
mismatch	2035
service delivery framework	935
handcraft	879
interplay	4028
train	2285
software system	937
verification and validation	3689
iii	891
project management	2038
account	143
retriev	2039
erasur	938
f	754
dens	4065
upper ontology	528
applied mathematics	3991
lr parser	340
cumbersom	941
product design	3911
tag	1605
probabilistic logic	3067
conceptnet	3068
meet	2042
pedagogy	3993
generative model	2141
control	2043
singular value decomposition	2044
council	2045
process	943
clausal	2046
temporal logic	3070
high	944
morphosyntact	947
semantic web	940
computer assisted translation	942
proprietari	3996
paraphras	945
technisch	946
agenc	2050
schemat	1217
onlin	3072
crimin	948
serial	3073
agreementmak	2051
surfac	955
notation	3492
quantitative linguistics	3074
reuter	950
tableau	951
occur	1531
wareh	952
acycl	2054
carrier	3997
forest	3077
stemmer	2056
unsupervis	3998
circumscript	953
stock	3078
express	2923
singular	954
philosophy	3079
semantic search	956
apriori algorithm	4000
attent	4001
mathematical optimization	957
philosophi	3081
physic	1018
open knowledge base connectivity	4004
alloc	958
essenti	959
tf idf	960
thesauri	961
robot	962
element	963
issu	964
source text	3126
encyclopedia	2058
thesauru	1031
allow	965
subtyp	2060
imagenet	3085
bloom	3578
pattern matching	4007
elig	4008
owl s	4009
movi	966
kbc	4010
xml validation	967
insight	968
negation	969
report	3379
evolutionari	970
opportunistic reasoning	971
epistemolog	972
web ontology language	3694
kbp	4012
narr	3086
perfect	973
binary independence model	939
le	3451
lc	3087
consensu	2062
la	1071
chosen	974
bibliographic ontology	144
lm	3089
interlink	975
infobox	3091
infrastructur	977
lp	3092
underpin	4015
anyon	4017
decad	978
therefor	1094
pixel	2065
preval	1096
logical conjunction	2066
dag	3093
pure	2587
tabl	2585
python	979
dan	3095
overal	980
strateg	981
bulk	3165
mention	3097
facilit	982
front	2069
standard boolean model	3098
day	3099
strengths and weaknesses	2072
piggi	145
world wide web	2073
supertag	2074
turk	3572
spatial analysis	3100
edit	4022
medlin	984
pathway	2588
merge	985
weather	4161
mode	2075
truth	1151
modeling language	3697
identifier	3101
k nearest neighbors algorithm	1857
subset	986
societi	987
hypernym	1163
sesam	2165
mobile search	988
nonparametr	2076
chunk	3222
predic	3409
information extraction	4026
combinatori	2077
meta	990
static	991
brittl	2078
annot	4029
hyperbol	2079
user modeling	1624
factoid	992
special	2080
variabl	993
matrix	994
sentiment	4030
frontier	4031
influenc	2083
temporal annotation	1197
closer	2084
metonymi	1199
bad	996
discharg	2085
categori	1281
cxml	4032
cwm	3105
suitabl	3245
rel	1204
lattic	998
hardwar	2087
semev	4033
rea	3107
plural	2199
defens	1499
matric	999
data access	2416
epistem	4034
database model	1642
workflow	1218
subject matter expert	1001
frank	372
manipul	2088
data quality	2089
standalon	1228
plnlp	2090
data stream clustering	4035
york	3867
dictionari	1367
latest	3188
releas	566
data type	1002
likelihood	3150
shortest	1003
database search engine	1004
dirichlet	1239
g	4036
automatic image annotation	1005
david	1252
counterpart	2094
conversation	4037
length	1006
enforc	1256
lexem	1007
outsid	1008
geometri	2095
cloud computing security	3297
possibilist	3111
retail	3112
austin	2096
organiz	473
south	3113
softwar	1009
data integrity	1010
suffix	3114
manuscript	1011
christoph	2098
mit	3127
knowledge interchange format	2099
qualiti	2100
scene	1012
unobserv	1013
relational database management system	3846
access control	3480
context model	1014
owner	1015
automated theorem proving	3633
facil	1289
spelling	2057
prioriti	3324
long	3934
mebn	3329
ibm	3110
unknown	3811
licens	1016
backtrack	1861
accent	1275
system	1017
messag	1304
grow	2594
engineering design process	4041
attach	2102
xml framework	2103
salienc	4042
semantic property	4003
boid	4043
privaci	2104
interfac	3699
biochem	3115
man	2595
final	2105
metamodel	1615
ground truth	2107
shell	3359
digital library	2753
tuple	2731
fuzzi	2108
methodolog	2109
shallow	4044
dataspac	2463
cyc	2110
inductive logic programming	4045
proactiv	3856
semantic interoperability	3701
rst	2111
orchestr	4005
autonomic computing	2112
ogc	4064
rss	2113
rbac	3785
prune	1350
embodi	3117
semi structured model	2114
binary relation	3118
wireless sensor network	3082
richer	4046
operational semantics	1020
rca	2255
data set	1021
artificial intelligence	2243
seriou	1920
psycholog	1022
exhibit	442
systems engineering	2117
clir	4049
clip	3406
explicit	1543
correspond	1023
biomedical text mining	3550
coher	4051
close	2118
need	2119
turn	3123
optimis	1024
fluent	2120
depict	1025
probabl	3235
subproblem	3683
inform	3172
diverg	4053
rout	3424
accuraci	1026
multistrategi	2121
discret	1027
biological data	1812
tactic	2122
discrep	1028
graphical user interface	3433
detector	3435
phenotyp	1029
soap	1030
singl	2123
crawler	3298
konclud	4058
agenda	2059
deploy	2124
quantifi	2355
oracl	1032
dutch	3818
multitud	2999
hyponymi	1033
rigor	2125
hecataeu	4086
segment	1034
payment	3130
homogen	1442
static web page	1444
placement	1036
software engineering	2126
url	2127
gather	3132
stronger	1037
uri	2128
face	1038
txnwrap	2130
diffus	3704
snapshot	3472
talk	2131
determin	4066
constrain	2132
relax ng	2133
apparatu	2134
someth	2935
software portability	1039
affair	2135
deductive reasoning	3955
selection	3135
dbm	1040
information quality	3223
text	3136
verbos	3493
social network	2136
indispens	1041
knowledge integration	3137
tractabl	1042
empir	3138
semantic interpretation	1043
rough	1044
visibl	3140
trivial	1485
xml schema editor	3141
resource oriented architecture	3228
small number	2234
nois	1045
bayesian probability	2137
distributed computing environment	3845
web engineering	1502
videogam	3392
manufactur	2139
document management system	1046
formal language	2704
concept map	1047
ambiguity	1512
anneal	1049
local	4071
sublanguag	1233
hope	1050
move	1052
contribut	4073
classical logic	3030
satisfact	1053
familiar	1054
nontrivi	3861
ko	2910
bear	3144
autom	1055
joint	2142
graduat	2143
joins	2144
increas	3146
kbe	4011
edg	3956
lucki	3721
lossless	4076
multiple choice	3771
enabl	2145
connaiss	1056
brain	1546
h	1057
possibl	2760
qa	3562
term discrimination	4078
nlp	3611
integr	255
partit	4079
management information systems	405
nearest neighbor search	2148
ql	3570
nist	1059
view	4081
krypton	3148
conform	3667
workbench	3575
legaci	2150
pronoun	908
shortcom	3501
credibl	1194
library science	2152
frame	1061
knowledg	4084
software mining	3862
ontologist	3149
linguist	2417
artifact centric business process model	2153
mistak	4085
disc	3728
particl	1062
turku	2053
polymorph	1063
disjunct	2155
computer	3588
pointer	2601
boundari	3687
content analysis	1064
information management	1065
tend	2157
favor	3617
state	3618
proof	3994
wavelet	2158
bipartite graph	2159
tens	2160
progress	1626
software deployment	1067
email	1068
tent	2161
source code	1069
word lists by frequency	3152
amazon	3377
bed	2115
patholog	3153
linguistics	3413
database design	1070
darpa	1634
deliver	3154
reinforc	2162
isol	1869
content based image retrieval	4091
job	152
entir	4092
rare	4156
key	2163
group	2603
technical report	3155
thank	2604
instant	3156
monotonic function	4013
centric	2291
plugin	3157
goal	4094
use case	3088
equal	907
drug	1072
etc	1073
instanc	3159
streams	1074
equat	2521
grail	3658
passag	3553
articul	3240
etl	1075
comment	3158
ci	1076
ch	1077
co	1078
censorship	3953
cm	2646
wall	4098
guidelin	3160
data science	3161
complementari	2942
cg	1079
cf	1080
cd	1081
structur	3119
distil	1082
real time computing	3263
toler	168
declarative programming	3678
cr	1083
labor	3090
information exchange	1084
ct	1085
web navigation	3162
web application security	1086
anomali	2208
obstacl	1087
insuffici	1089
compon	2579
tutor	1324
accept	3527
besid	4103
hindi	287
electr	3163
immedi	1090
xml schema	3164
conceptual model	4104
mike	1533
requirements analysis	2629
sensev	2170
upcom	4105
stakehold	2171
malacard	1717
coherence	1091
spammer	4107
statistical model	1092
deliber	1093
germanet	2172
acoust	3402
deep	2767
hansard	3009
software agent	3552
plausibl	2174
present	3732
statist	3854
replic	695
multi	3167
novel	2176
glossary	2177
datalog	1095
activity recognition	3738
contextu	3986
defin	1746
genr	2962
text processing	3490
inferenti	2957
glossari	2178
intranet	3269
observ	1066
fuzzy classification	2091
bbc	4101
layer	4109
purchas	1757
customiz	4110
engag	2179
kernel	2673
demo	2181
site	1097
pso	1672
vs	1098
vt	1099
vu	1768
substanti	3173
lightweight	4113
partner	3174
revis	2182
tempor	2496
greater	3094
uniti	3784
undecid	4182
graph database	2270
japanes	3176
parti	2183
cognitive models of information retrieval	3177
referenti	1100
cross	663
phrase search	3178
member	4116
handl	2067
postul	3836
speaker	2184
financi	2610
soundness	1101
fill	3180
hyponym	2187
web development	2064
difficult	4118
swrl	1102
competit	1103
spell	3096
columbia	1104
conditional random field	1105
denot	2772
expans	1106
iot	4089
effect	2194
automation	3820
mathematical model	1107
ontolearn	4120
student	4121
judgment	1811
expand	1108
application software	2196
compendium	2197
component based software engineering	2198
weld	2200
center	3182
subtre	3260
bootstrapping	2201
nevertheless	3184
builder	2149
information theory	4123
well	2202
versatil	3185
thought	617
sedelow	3186
exampl	1110
command	1111
interpol	1839
salient	4040
audio	1112
data element	1113
subgroup	1114
unari	1846
distanc	2205
lesser	3256
less	1115
percent	4173
converg	2016
obtain	1767
star schema	1116
tcm	4014
distant	2207
process ontology	3714
concept search	1118
biologist	589
interrel	2641
glue	1119
systemat	3191
misalign	2934
lesk	1120
web	1121
personalis	3866
claim	2580
bibliography	1122
internet privacy	1123
tight	3192
elsevi	4127
smith	4128
discuss	3851
lattice	1124
cyberspac	4129
bibliographi	1125
circular	4130
tripartit	1298
densiti	2209
adl	3194
successor	4021
match	1890
ensemble learning	4133
data structure	751
vulner	3670
government	1127
webpag	1128
piec	1914
assert	4135
punctuat	3196
mapreduc	1569
burden	2210
press	4137
recurs	1130
recurr	1131
name	4138
redund	3080
sparsiti	1132
xqueri	2212
crisp	1133
like	1934
onion	1134
header	1875
microblog	1135
realist	4140
data extraction	2213
inferenc	1945
necessari	2214
cognition	2612
polit	4024
soft	3202
crisi	1136
italian	3203
drop	4141
the internet	2218
incent	1138
captur	1139
kdd	4142
twitter	2219
multinet	3970
phenomena	2220
reifi	3204
co occurrence	4145
multimodal logic	2431
growth	2371
export	4146
metasearch engine	2221
information processing	3124
proper	1969
guarante	1141
peter	3945
vsm	1142
transport	1143
emergency management	4165
canopy clustering algorithm	2224
trust	3597
feder	1145
lead	4147
overlay	2225
small set	1146
broad	2227
avoid	1147
miner	4148
aterm	3104
overlap	2228
expressivity	3940
estim	2229
contact	4054
esa	3208
information security	4150
massachusett	2230
knowledge engineering	3209
biology	1149
data analysis	1150
longman	3878
acronym	4151
vertex	2777
journal	3977
usag	2232
noisi	3210
information flow	2233
dissert	1152
new product development	1153
preferenti	1154
skelet	1156
sensor fusion	1157
training set	2036
reference model	4155
actual	2037
adverb	184
extension	4157
column	2547
freedom	2235
justif	823
relational model	1374
lifecycl	408
constructor	4158
test case	1160
predictor	3214
software	1161
em	1573
richli	2237
washington	2238
bridging	2613
automat	4160
dataset	2071
assess	1164
chronic	3216
en	1576
empti	1879
mere	1165
merg	1166
ecolog	3656
processor	3217
van	4162
mixture model	1168
pictur	3218
transfer	4163
sententi	1170
themat	2240
smoothing	4164
intellig	3102
threat	3822
trigger	2436
inner	2241
gene	3221
bd	1172
holist	2242
business intelligence	1173
favorit	4050
deliveri	1174
netherland	2244
contradictori	4166
unexpect	3224
philosoph	1723
brand	3225
histogram	4060
neutral	2245
bodi	3226
gain	2246
larger	3980
convergence	1179
eas	3742
highest	1886
bug	3229
eav	3456
count	1180
multilingualism	2271
recipi	3610
eurowordnet	2247
levin	936
meronymi	2248
j	3230
smooth	1181
sgml	684
po	3882
asynchron	2249
record	4168
possibility theory	2250
enterprise software	4027
limit	2963
homograph	1182
problem	1183
display	4095
word sense disambiguation	2251
weakli	3859
bigram	1184
evalu	2252
decision tree	454
int	1185
requirements engineering	4170
okbc	4171
pif	3233
domain engineering	4172
starql	4057
multi document summarization	1186
implement	3050
query by example	3234
ing	1187
inc	1188
data sharing	2190
mutual	4119
sharabl	2256
application programming interface	311
contest	2257
guidanc	2204
makinson	2749
detail	3237
virtual	3238
disjoint	4052
other	1766
lookup	1189
futur	2258
branch	1088
varieti	1190
u	2782
toefl	1585
scholarli	1191
repeat	1192
star	2259
information sharing	1193
mcc	2440
class	4062
ontocap	3855
multi task learning	634
foil	2260
rql	2261
gap	2952
terminology extraction	3220
searcher	1195
degrad	3726
scientif	4179
maximum entropy markov model	3239
reliabl	4180
martin	3925
snippet	1772
rule	1196
portion	2263
emerg	1678
auxiliari	4181
invari	4178
