key	value
rdf schema	2217
entropi	1170
efficaci	3937
orthogon	0
directed graph	2221
binary number	3804
interchang	2
prefix	3
modular design	1186
dbmss	2218
kassel	1172
ontoedit	4
content management	2219
forget	2730
feature oriented domain analysis	972
authorit	5
accur	2220
ontoshar	3174
tweet	3175
web service	2731
autoslog	3176
deviat	1174
swap	30
preprocess	1963
worth	1175
natural language	360
digit	6
geospatial analysis	2043
subcategor	7
voic	2225
distort	1177
health informatics	1691
document clustering	3179
govern	2226
appar	59
time complexity	8
quantit	3180
vast	2228
natural language understanding	9
school	3181
medline	10
scholar	11
infer	3851
metaclass	3182
upload	1178
readabl	3682
vector	2229
terabyt	12
red	307
verif	2309
markov	2230
logmap	2316
corpora	13
snomed ct	1179
unsupervised learning	3185
speci	1180
commonkad	3186
miller	14
naiv	3187
conceptualis	3044
horn	1181
brill	1182
consequ	1183
street	2591
discourse analysis	2233
owl	4077
follow	3653
chen	1185
n	3342
information space	1187
employ	192
dialogu	15
pace	2234
neg	2236
subsumpt	2237
calcul	2005
regulatori	1192
design methods	16
conduct	3190
supplier	3191
net	2239
ner	2240
topolog	1194
metadata	146
specialist	148
elimin	2242
intellectu	18
associative property	2244
join	3731
men	160
web mining	3198
china	19
subword	3194
granularity	20
path	2381
information technology	1198
enterprise systems engineering	3195
forum	2393
k	21
akt	1201
precis	3197
credit	2249
orm	2572
naive bayes classifier	2791
knowledge based systems	2250
semantic memory	3595
prolog	2252
controversi	22
tremend	3200
principle of maximum entropy	1202
campaign	2253
propag	2898
newspap	1203
unif	24
avenu	2254
substr	25
attitud	1205
total	1206
association rule learning	3201
polytechn	1207
unit	232
cost	3758
query optimization	2446
dna	27
describ	3203
gloss	1208
concret	3177
overhead	249
greedi	2447
recommend	252
decentr	2460
favorit	3969
telo	2255
alphabet	3577
normalized google distance	2256
web design	3206
relax	31
inflect	2358
relat	32
bioport	2257
yahoo	33
notic	34
web standards	3807
desiderata	1209
berlin	2259
computational linguistics	35
loss	2165
context aware pervasive systems	3207
origin	3208
consensus clustering	3993
ii	2401
word	1211
multinomi	3210
jess	2402
ml	3211
setup	2262
mi	3212
conceptu	36
wors	1212
era	1213
ms	3214
mr	3215
root	1638
appropri	2667
novic	1214
workforc	2006
lexicology	1215
indic	1216
software development process	1217
object detection	1219
unavail	1220
educational technology	1221
multidocu	3219
attract	3220
cites	1223
logical form	924
service provider	2265
end	2953
hoc	39
thing	2820
collaborative software	1224
formal methods	40
travel	41
feature	42
classifi	43
concis	3223
hot	44
recoveri	1227
interview	1228
verifi	1229
negoti	357
ancestor	3226
perspect	45
updat	501
information technology management	1773
dialect	3228
abstraction	46
recogn	1230
intelligent decision support system	47
semantic computing	48
conjunctive query	49
chines	1231
earlier	1232
grading	2443
lab	1233
diagram	50
geoloc	2271
wrong	51
mesh	2577
machine readable dictionary	2272
unreli	1727
substant	2274
law	1234
antonym	52
demonstr	1235
inventori	3344
memori	3448
wiktionari	3500
domin	1236
sparql	1237
third	2278
minim	2130
imposs	3501
learning object	3235
alias	54
dispar	55
software development	3665
graph drawing	2231
incorpor	3238
suggest	3898
exclus	3239
worst	2261
web query classification	3240
cosine similarity	2280
blind	1557
commonsens	2283
feedback	56
rule based machine translation	3243
diagnos	1239
offici	1240
failur	2142
pascal	1242
concurrency	58
affect	2227
multivers	2245
business domain	60
ontology learning	2284
flexibl	1243
vari	61
digest	2626
cohes	3641
unpreced	3246
fit	62
fix	63
babelnet	64
denver	1245
better	2285
offic	1246
information engineering	2286
persist	2287
comprehens	2009
binari	2803
hidden	65
swoogl	1196
easier	66
split	206
propbank	2288
anim	2289
therapi	2290
tourist	3251
fragment	1247
enrich	67
safe	1184
rectangl	474
predefin	3504
ester	1864
promis	478
concept mining	3958
interdisciplinari	2672
tokenization	3104
tourism	2677
bank	1248
interrelationship	2680
tendenc	1249
grammar	2292
interoperation	68
l	1251
carnot	69
good	2807
raw data	3914
debug	70
top down parsing	1253
oblig	2294
classifier	1254
mean	521
healthcar	71
mdl	72
concord	73
laboratori	74
enorm	526
mda	75
spider	76
mdd	77
mde	78
tipster	2296
object language	2711
proteg	2297
extract	2298
clinical linguistics	79
medical terminology	3918
codebook	3019
depress	3253
unbound	2300
network	1257
gradient	2301
image processing	2302
urbana	560
crucial	2303
dss	563
fuzzy clustering	3255
mason	81
morpholog	1259
rewrit	2305
dsl	82
daniel	1260
pool	4029
adapt	83
reader	2306
medicine	1261
rm	84
sme	578
impract	86
gate	3224
perception	2747
linear	2308
knowledgebas	587
audienc	3259
transduct	3184
situat	2310
mycin	2755
omiss	88
ineffici	2311
k means clustering	89
cure data clustering algorithm	3261
statistical semantics	2312
determiner phrase	235
bottom up parsing	2772
widespread	3225
reconfigur	1263
reformul	90
angl	1264
iswc	1265
atm	91
correctness	2012
accumul	3339
substructur	3265
filter	3266
magdeburg	1267
atr	92
unabl	93
regress	2792
scheme	1770
subtl	1268
confus	95
benchmarking	1269
computer program	2510
synergi	4061
procedural knowledge	645
apprais	3268
grade	2315
independ	1270
coding	3269
biomed	650
necess	3271
restrict	3272
instruct	97
named graph	1271
wrapper	2058
robust	3814
massiv	2319
primari	1698
dimensionality reduction	1273
trainabl	2745
vector space	1274
nomin	1275
polici	2554
top	3275
evolut	98
business process model and notation	352
fiction	2831
crctol	2320
telebel	2321
information science	1276
master	100
normalization	3350
information filtering system	101
dimensional modeling	1278
ranging	102
text mining	3277
danish	103
namespac	2324
tool	3279
random walk	105
semantic reasoner	3280
lower	3815
wisdom	691
bookshelf	3161
logical consequence	1281
recherch	106
nonrelev	2325
conserv	3282
adject	3508
hierarchical database model	3283
crawl	107
technic	108
symptom	2328
qualia	2412
systems analysis	1699
morphem	109
target	1282
keyword	713
organizational learning	110
provid	1283
connectionist	2331
methods of information in medicine	111
database	1874
tree	112
biolog	3667
learning classifier system	3287
expressive power	3288
project	113
pneumonia	114
plagiar	2335
universal networking language	2336
tion	116
prone	2063
hypothes	1685
provis	1286
fashion	2887
ontowiki	117
entail	118
madrid	3600
modern	2337
mind	2338
spectrum	119
hypothet	3290
raw	3291
aforement	120
system integration	761
chemoprevent	2897
manner	1287
increment	121
incompat	122
mknf	1288
dozen	123
strength	1289
realm	1290
galoi	3294
inexpens	3986
latter	1291
cqa	2637
thorough	3769
logic programming	1293
client	1366
natural language processing	2915
thoma	3295
online community	2342
top down and bottom up design	2436
anatomi	1295
simplifi	125
insur	3296
supervis	1188
lexic	1296
nonlinear	2039
artifact	391
letter	127
phase	1297
contain	2104
sub	3671
tradit	836
broadcast	3039
simplic	2345
geographic information system	2355
deep linguistic processing	128
dom	2346
software requirements specification	2348
professor	129
web intelligence	2350
flow	3300
dog	2351
hospit	130
bracket	1298
search engine	2352
financ	3774
voting	2958
er	3713
sum	2171
pankow	2961
heuristics	2962
opposit	1300
random	2969
speedup	872
syntax	2354
protocol	2419
lstm	2356
complianc	2695
pcfg	2357
involv	1302
consolid	1303
bind	3304
latent	1304
ocl	3305
dblp	3233
language identification	1305
implementation	1306
menu	134
undecidable problem	2359
configur	3307
arpa	2360
bipolar	1193
aggreg	3967
theme	136
latenc	1307
explic	2361
rich	138
inference engine	3357
idiosyncrat	2362
axiom	3002
dl	1309
graph theory	2364
di	1310
champaign	139
de	1311
db	1312
da	1313
watson	1314
curs	2950
dw	1315
instructor	3805
du	2268
youtub	1316
symmetr	3192
dp	1317
reengin	3314
lexical semantics	3315
pearson	1319
bar	2365
diabet	1320
collaborative filtering	1321
overgener	3316
patch	143
bag	970
approch	144
architecture	975
object oriented programming	145
pandem	2241
question answering	3317
comprehension approach	3318
respond	147
test data	3319
fair	1009
ongo	17
clinician	3871
kolmogorov	1322
roadmap	3320
datatyp	993
analytics	1323
infomast	1195
bed	2072
respons	151
robot learning	3057
christian	1324
charact	3055
optimum	1325
best	153
subject	2370
expertis	3322
awar	1326
tensor	3323
profession	1399
language model	337
heterogen	154
databas	2579
delphi	155
wikipedia	156
discoveri	3324
mathematical knowledge management	1328
figur	157
score	158
outstand	3326
invalu	1025
muc	3078
drawn	1329
attribut	2372
inabl	159
accord	1330
extend	161
machine translation	3834
confusion	3328
weak	3329
extens	162
wu	1331
harvard	2373
brown corpus	3331
preprocessor	1332
extent	163
vowl	2374
news	152
advertis	165
semantic web rule language	1333
okapi bm25	166
protect	3333
planner	167
ontosearch	2375
proteom	1421
axiomat	168
fault	3105
museum	2193
movement	2751
autonomi	3335
facet	3336
distributional semantics	3343
une	2376
ilp	1335
logic	169
countri	170
uncertainti	2377
abstract syntax tree	2378
data integration	171
con	1336
compromis	172
blank node	2379
assur	173
applianc	1337
ontolog	2380
excess	1708
systems design	174
comprehension	3337
polynomial	1339
diff	175
distributed knowledge	176
guid	1340
summar	177
document term matrix	3141
duplic	178
herbrand	3359
light	3925
crossmin	2384
applications of artificial intelligence	887
union	181
deep learning	2054
convolut	1342
specul	1140
web crawler	2386
much	183
interpret	2246
interest	1149
basic	2388
known	3690
entity relationship model	3106
applications of uml	2389
life	184
regul	185
synthetic data	1343
worker	186
cross language information retrieval	3521
semeval	187
extensional definition	188
class hierarchy	2392
child	189
end user	1344
rimom	3309
pipelin	3836
physician	1345
bayesian network	1346
ident	1347
tsimmi	190
servic	2394
properti	1348
commerci	191
air	1349
aim	1350
euclidean	193
near	1191
unsolv	194
pairwis	1351
aid	1352
metathesauru	1353
vagu	1354
sla	2395
named entity recognition	2592
ir	2398
bipartit	2533
toolkit	196
iw	2399
iv	2400
relevance feedback	198
player	199
elicit	200
im	2403
cone	3217
stanc	3614
ic	396
ie	2405
id	2406
context free grammar	3256
user profile	202
harmoni	203
jame	2347
receiv	2407
recursion	2641
make	2408
transpar	204
text corpus	205
drawback	3247
descend	1357
big	2914
success	3134
mayo	2615
european	207
pharmacovigil	2409
evid	1358
nif	1359
pubm	1360
hand	1361
bibliograph	3349
ruleml	210
portal	2340
refin	211
tune	212
statistical classification	2410
qualif	2411
information and communications technology	1362
mutual information	213
piazza	1363
scenario	1364
web mapping	3351
thu	1365
query language	3352
commonsense reasoning	3052
inherit	2414
qualit	2415
academia	1294
greatest	3353
stimulu	1422
programm	2417
bacteri	1367
shoin	3354
wider	3139
unchang	1299
search engine indexing	3356
multidisciplinari	3248
identifi	1301
background	2428
sentence	2420
photo	1369
nowaday	1308
ordin	215
bandwidth	2422
ol	3611
prescript	3205
corpus linguistics	3358
urban computing	1327
transaction processing	1370
best practice	1371
visualization	3327
characterist	1890
easi	216
mix	3060
effort	2521
character	1338
ideal	3526
semantic mapping	2423
about	3147
syntactic predicate	1373
spread	1374
board	1375
lawrenc	3109
elp	3360
save	2425
explanatori	1520
book	4092
usable	1376
backbon	3133
reuse	2426
ontology inference layer	3361
preserv	2235
part of speech	2427
ontogen	3363
arab	1377
fusion	1378
unification	1379
ontology components	1380
elabor	2429
archetyp	1381
authorship	3365
measur	219
scan	3449
standardization	2430
specif	1382
arbitrari	3368
contradict	3367
seek	2341
scientific communication	3372
manual	513
zoom	3369
web content	3464
divers	2385
unstabl	3375
avatar	3370
choic	3362
framenet	3371
example based machine translation	2487
unnecessari	2433
sensor web	1383
underli	221
www	2435
right	222
old	223
crowd	224
czech	225
negat	2431
interv	2438
disord	2439
maxim	1409
percentag	1384
word sense	2767
intern	2440
heritag	2441
indirect	3397
transmiss	227
conll	228
humor	1385
bottom	229
establish	2768
preliminari	3063
subclass	230
icd	3374
existenti	1386
track	2597
middlewar	26
fol	233
uml	234
cnl	3376
core	3377
message understanding conference	1387
idiomat	1446
marketing	295
fixpoint	3378
stefan	236
subspac	3379
confer	1390
constructive	1391
colleg	237
discov	3380
repositori	1392
peer	1393
post	1394
apfel	3241
trustworthi	3204
obo	1395
dilig	1475
hard	3625
obi	1396
groupwar	238
disjoint sets	3465
simul	2449
hypernymi	2434
coars	239
commit	2450
produc	3475
ordinari	1225
descriptive knowledge	2743
gazett	3149
algorithmic learning theory	1398
seeker	3391
ppi	3384
som	240
bound	1400
son	241
creativ	242
ontology based data integration	2424
jena	1543
opportun	1401
storag	3385
anaphora	1549
structural similarity	3386
categorization	3388
deal	2437
suffici	243
empirical research	3389
bioinformat	244
support	245
hypermedia	3390
ranking svm	1403
conceptual framework	246
happi	247
reli	3507
joseph	248
editor	2455
fraction	2456
music	28
cind	4033
tediou	3221
asset	2457
lowest	1405
inqueri	3066
head	3392
medium	3393
offer	251
forc	2459
wireless	3394
pagerank	253
information and computer science	3395
true	1410
schema migration	1411
week	4094
absent	1413
misinform	254
understood	2462
natural language programming	1587
geospati	1414
unlabel	2750
maximum	1415
hmm	4026
reiter	255
crystal	1416
inaccur	1417
phonolog	2948
fundament	3553
unrel	2465
dissemin	256
itiner	257
emoticon	3687
classif	2466
featur	2467
classic	2468
request	1420
diagnosi	1605
textbook	258
parser combinator	3396
diagnost	2469
prover	259
gemini	260
exist	261
aqualog	2480
usability	3462
shiq	958
check	3762
assembl	3398
nl	3399
lo	3680
mashup	3400
excel	2471
ne	3401
actor	263
insepar	2926
flood	265
labeled data	1424
role	266
syntactic ambiguity	3841
jone	1425
test	1426
webod	3404
solv	3790
realiti	1427
node	3405
matur	1135
theorist	3878
intend	268
benefici	3604
cybersecur	3607
norm	2190
isomorph	3792
diet	2889
intens	269
intent	270
consid	3406
sql	3407
loinc	3373
billion	1661
longer	3408
furthermor	2475
dogma	2258
cloud computing	1669
cognitive psychology	774
pseudo	1670
recommender system	272
regression analysis	2206
information integration	3409
geometr	273
fact	1429
institut	1918
prior probability	3410
daili	2476
adult	2260
corpu	274
breadth	275
concept	1430
chain	276
semi structured data	2601
consum	1431
focus	3412
invent	2477
unlexic	3413
adjective	3414
trigram	1432
formal specification	1903
computation	3417
morphology	1700
document schema definition languages	278
hierarch	2478
decid	3077
manchest	3418
depend	503
transduc	1433
mous	2970
graph	1434
proxim	3419
intermedi	2463
substitut	3293
taxonom	3237
environment	3421
rhetor	2605
decis	280
editori	2482
terror	1435
sociolog	1720
lra	1726
brown	1436
predicate	1437
sourc	3698
string	2484
relevance vector machine	3692
domain analysis	1731
unfamiliar	3424
fourth	3470
feasibl	3425
search analytics	283
rationality	284
condit	1438
ma	3209
biomedicin	2485
exact	285
subcategorization	2486
cool	3428
ws policy	4095
well founded semantics	2793
expert system	1441
solver	286
single linkage clustering	287
reproduc	2930
hous	2777
iter	2488
magnet	2489
p	1442
unsupport	288
semantic compression	2491
team	289
quick	3432
shoe	2606
typology	2299
prevent	290
outlin	3694
dublin	3444
radlex	2493
trend	3433
relational calculus	3434
dependency grammar	291
sign	292
nli	3541
concept learning	1780
sensibl	1445
portfolio	3074
perplexity	3761
patient	2931
synchronous context free grammar	3435
pmi	3012
corba	3436
appear	1447
mt	3213
filler	2497
texa	2555
scaffold	1449
rome	2416
portugues	3695
template	2498
database theory	1388
information seeking	3437
geography	23
boost	294
personal knowledge management	1451
xml	1173
software design description	3438
pose	1389
defici	1452
deriv	2499
document classification	3439
arizona	3258
nuanc	2500
compos	4020
decidability	2780
genet	3340
vanderbilt	296
french	1828
bi	297
satisfi	1453
entertain	3441
modif	298
address	299
locat	3988
coincid	2502
viabl	3846
teacher	1454
intension	300
inductive programming	302
shift	2505
external data representation	2506
worldwid	1853
treemap	1456
constitu	3539
trial	1457
throughput	304
poisson	1458
extrem	2507
web page	305
boolean conjunctive query	1460
orient	2821
personalized search	3821
semant	3445
regardless	445
prerequisit	1503
extra	1463
modul	1881
collocation extraction	306
informatics	3847
subjectivity	1466
marker	3839
unithood	3446
theoret	3827
mobil	1467
planck	1904
market	1468
wealth	2511
spatiotempor	308
univers	1914
visit	2512
information technology architecture	3450
interdepend	3451
perl	2513
crowdsourcing	309
live	1470
propositional calculus	2514
dbpedia	2515
formal concept analysis	1472
enterprise information system	407
scope	311
data management	1473
polysemi	2516
plug	3455
lexical choice	1928
afford	1932
peopl	312
claus	313
oren	2448
oaei	314
enhanc	315
semantic lexicon	316
business process	2519
visual	317
appendix	318
feature learning	1477
dualiti	319
data processing	320
metamodeling	4067
web accessibility initiative	321
behalf	322
canadian	2523
srl	1646
graphic	1479
feature vector	1480
alchourron	323
human computer information retrieval	1961
car	1481
prepar	1482
lexical similarity	3457
judg	3458
focu	1483
imper	2526
cat	3311
fli	2527
descriptor	326
ontology alignment	2097
inadequ	2454
tracing	1908
webster	327
purpos	3459
product lifecycle	328
traceabl	1909
problemat	1471
nearest	535
web resource	3726
practition	1487
stream	3463
ranking	2530
predict	2531
chip	1488
agent	2532
literatur	1397
topic	1489
weighting	1490
reference architecture	1197
expectation maximization algorithm	1491
galen	1492
information access	477
peer to peer	332
search algorithm	333
pairwise comparison	334
cardin	469
swedish	3467
differenti	3468
redundancy	1494
multipl	3921
empirical evidence	329
economi	1496
write	1497
computer vision	2020
vital	3469
criterion	1498
social semantic web	1499
social psychology	2025
xhtml	335
entrench	1500
parameter	336
unstructured data	1501
decision support system	2861
map	2538
product	1502
paramount	3471
dialog	3848
may	2540
max	2541
clone	3472
usabl	2542
idf	1912
membership	2050
cours	3700
date	339
annotation	1504
harmon	340
classroom	3473
statu	3443
noun	2545
beam	3080
sr	341
cbn	3632
database testing	3222
sw	342
lemmat	3474
st	343
q	1443
programmat	2788
workload	2560
combin	3476
interoperability	3477
blowup	344
michel	1507
extractor	3479
lsd	2546
lsa	2547
dierent	3113
cognitive science	3007
lsi	2548
stability	2549
structuring	345
tagger	1509
extended wordnet	1510
ieee	1512
dynam	1513
entiti	2551
ethic	1514
divis	1515
conjunct	1516
temporal database	348
monitor	2121
preced	3975
semiautomat	349
interesting	2123
precondit	1517
web application	3482
platform	3483
window	1518
musen	351
foundat	2989
factual	1519
misconcept	2557
non	1521
recal	1522
finance	2558
matcher	353
ldoce	1523
automobil	2147
initi	2149
nation	354
scaling	1525
suggested upper merged ontology	355
user interface design	1526
therebi	356
half	1527
parsing	2451
t norm fuzzy logics	3485
gardenfor	1528
introduct	1529
critiqu	1530
term	4052
anteced	358
organ	3082
language acquisition	359
bursti	1532
revers	362
advent	3487
separ	363
magazin	1533
change data capture	1534
confid	2269
presenc	3640
compil	365
el	1536
domain	1537
notabl	508
citat	1539
agil	2563
ee	1540
ed	1541
eg	1542
feature extraction	2564
continu	2565
ec	2281
breakthrough	366
persian	3488
scienc	3702
yield	2617
amsterdam	2452
eu	1544
et	1545
lesson	2936
baselin	1459
logical reasoning	367
streaming xml	3490
space	1548
profit	3491
probabilistic database	3492
profil	3493
mcca	368
manageri	2453
rational	1550
internet	369
formula	370
ironi	1551
sensor	2567
correct	2568
gram	2103
knowledge sharing	2569
diseas	2570
older	2332
plm	3447
sheffield	3716
million	371
polysem	3495
argu	1552
headlin	2247
orl	2770
statistics	1917
california	2251
theori	874
anchor	3281
deepdiv	1465
gateway	2991
card	531
care	1553
rdf query language	1554
reusabl	372
departur	373
syndik	3496
frequenc	2575
cube	3991
synchron	3618
modest	374
british	1556
motion	3498
change detection	2576
package development process	3229
place	131
qo	3999
principl	2814
think	2855
volumin	1846
geolog	2273
oper	375
intuition	376
unannot	2581
clausi	377
improvis	378
spoken	379
agricultur	3635
parser	2397
requirement	4001
tableaux	380
one	381
acquisit	2582
fast	2583
spanish	383
vote	384
array	3503
open	385
lexicograph	386
data mapping	3982
size	85
sheer	1558
software maintenance	1034
convent	387
bookmark	1559
normalized compression distance	94
database schema	4002
cross domain interoperability	2585
first order logic	2586
citi	388
checker	1560
cumul	1561
draft	2322
averag	2587
circl	104
clinical decision support system	3069
proposit	3506
conveni	389
friend	1562
fma	390
index term	3510
hub	3511
cad	3900
copi	3512
instance based learning	3994
specifi	126
itemset	2344
agglom	392
logist	393
pnl	1564
knowledge value chain	2590
attempt	2277
semantics	1565
serv	3670
wide	3514
iceberg	395
wsml	2701
wsmo	2706
recruit	150
redefinit	2369
r	1
n gram	910
posit	209
syntagmat	398
browser	1567
prospect	399
bootstrap	3234
pra	3520
influenti	400
generality	179
prm	182
rule based system	1745
argument	401
generalization	3522
sad	3853
ant	3523
hownet	2396
delta	3859
allen	402
knowledge base	2593
sat	403
gahc	3525
engin	1570
advic	2595
consortium	2421
note	404
semcor	405
satellit	1571
language of temporal ordering specification	1736
exploratori	3528
environ	3701
paraphrase	3529
matchmak	406
markup language	220
channel	2596
incoher	3736
contextual image classification	1572
begin	226
sure	3530
shade	3711
trace	2442
normal	2444
semantic web stack	231
price	1573
compress	408
latent variable	409
language technology	410
fca	3115
information system	1575
pair	2598
librarian	3533
multiag	411
curse of dimensionality	412
synthesi	1576
synonym	2599
rescu	1577
innov	2624
sale	413
cyber	3753
quantiti	262
script	3746
runtim	3978
textual entailment	3535
pattern	3086
mrd	1578
steadi	271
review	3550
multilevel	2943
shop	2600
shoq	1083
multilingu	2602
lexicon	2603
lexicographical order	1579
second generation programming language	2796
show	2604
german	1580
parsimoni	417
intrus	2049
merit	418
geographi	1581
balanc	3516
concurr	1582
sargable	2492
permiss	3540
migrat	3494
threshold	2607
composit	3242
qom	419
markov chain	2608
nlm	3542
effective method	420
ground	293
slot	421
adarank	422
slow	423
ratio	622
s attributed grammar	424
dlr	4006
transact	425
apriori	2508
activ	426
analyst	2461
synonymi	3244
parametr	2612
wood	310
black	2613
analyz	3544
schema evolution	427
relational database	428
analyt	3545
analys	324
ontogain	1584
data modeling	2614
dissimilar	429
viewpoint	547
rerank	2535
secondari	2616
chemic	4007
erent	430
computational intelligence	350
requir	432
prime	433
reveal	2095
flickr	2004
outperform	364
dramat	3546
intrins	281
bag of words model	3547
roget	435
roger	436
organis	3957
mediat	2363
fall	2738
telecommun	1588
intelligent agent	1589
vision	437
summari	2618
wiki	2619
interlingu	1590
hour	3429
similarity heuristic	3712
spars	442
labori	3548
paradigmat	439
seal	2621
sport	1591
translat	3042
concern	1592
infinit	2622
detect	2222
autotutor	2623
newswir	2472
computational semantics	414
amen	4009
ubiquit	440
word order	2464
label	1132
resid	1889
enough	2703
volatil	3519
john	2839
artificial neural network	1594
committe	4014
assumpt	1142
absenc	3551
parent	4032
social network analysis	3552
system of systems engineering	3554
screen	2627
citation	2712
style	3714
tacit	2628
smartweb	1595
cycl	444
coma	3555
reaction	3556
data visualization	1356
domain model	460
region	3557
autonomous agent	446
contract	1920
efficient xml interchange	1418
mont	1596
inconsist	468
code refactoring	1598
embedding	471
improv	2632
ontology engineering	2633
unstructur	3486
expression	447
specification language	2634
curv	2947
cancer	2635
color	3560
overview	1599
inspir	490
alc	3561
period	53
ontology language	57
sampling	496
duti	3562
exploit	1601
pom	500
data mining	448
typic	3563
endeavor	2869
coloni	3564
flame clustering	449
damag	507
epistemology	450
ultim	2862
clarif	1602
semantic query	451
lexical density	1238
invert	522
conceptualization	2638
invers	1603
slum	4070
mark	2639
workshop	2640
xml database	3566
collocation	1604
reflex	453
software engineering process group	3567
quality of service	454
ontobay	455
visual analytics	546
gist	2717
speech synthesis	3852
software peer review	456
termhood	2642
thousand	457
resolut	458
open biomedical ontologies	3570
blank	3744
proven	1606
aviat	564
lectur	2644
spirit	568
pilot	3572
sound	2645
interoper	2737
thesi	1607
bpmn	1608
non monotonic logic	3718
stereotyp	1609
engineering	2951
outcom	2646
methontolog	2647
coco	2648
invoc	2649
margin	2759
program	3654
anytim	347
cadastr	1610
advantag	2650
semantic matching	2180
metric	1611
fifth generation programming language	462
henc	1612
destin	2652
management science	613
bias	1613
warehous	463
ambient	464
protein	2654
cidoc	2630
formalis	626
wordnet	2656
automatic summarization	1614
par	2790
formalism	465
develop	1615
author	639
media	1616
medic	525
econom	466
glr parser	1617
proce	467
tutori	1597
speech	2657
promin	2291
lite	649
spatter	1747
document	1618
hermit	3581
breakdown	470
exhaust	2658
oil	2659
web search engine	2660
forecast	2625
nest	664
assist	2661
driver	3583
web server	2588
data stream mining	473
visual word	3584
driven	1763
capabl	2664
asium	3585
fruit	1620
hidden markov model	1621
business rule	2826
extern	475
railway	3559
pervas	677
pennsylvania	3586
markup	2668
page	2169
justifi	3587
vnew	1623
eisner	2669
foaf	1619
learning to rank	2811
workplac	2670
pronomin	479
genia	480
enterprise modelling	3588
protege	3589
object model	2671
part of speech tagging	481
manifold	482
abund	701
execut	2673
statistical assumption	709
compound	2809
neon	1624
remov	1817
conceptual schema	483
unclear	3591
refactor	1423
aspect	2674
speed	727
concentr	484
heuristic	3592
versu	1625
europ	1626
pillar	2610
task analysis	735
hint	737
inductive transfer	2676
except	214
littl	485
desktop	1627
identif	745
instrument	486
treatment	751
versa	753
change management	2675
haystack	488
semantic heterogeneity	2679
momentum	1628
abstract syntax	489
idiom	3638
leipzig	3594
latent dirichlet allocation	491
psl	767
data warehouse	768
read	1734
grammat	2404
sumo	2666
np	3402
categoris	492
information visualization	493
traffic	494
sofi	1884
world	495
walk	4017
machine translation software usability	1631
data compression	497
patrick	3596
integ	498
server	2682
darpa agent markup language	499
cooper	3597
cascad	1634
output	1635
inter	1279
manag	502
deduct	3598
alan	3513
verbal	829
dolc	2684
knowital	504
universitat	2124
legitim	267
information retrieval	1637
satisfactori	505
adequ	2685
respect	3602
idef1x	628
constitut	506
matching	712
vector space model	2686
controlled vocabulary	3603
fuzzy set	2977
faster	3629
mood	859
rule of inference	2687
characteris	861
definit	2963
iff	1744
legal	867
cv	1639
clustering high dimensional data	2571
intract	4015
evolv	2968
impress	3908
complic	877
refer	509
immun	3609
evaluation of machine translation	3996
business	888
ration	512
schema matching	1110
utter	3987
referr	2688
ontology	1641
comparison	1642
stone	514
patent	3236
central	1643
coupl	3565
ace	515
sre	1644
sri	1645
meaning	3868
acm	517
side	2295
untag	3628
degre	1647
statistical relational learning	2690
neighbor	518
act	519
sqo	3615
industri	520
parallel	3232
skew	1958
road	2691
routin	2901
outlook	1648
effici	523
prohibit	3935
elementari	951
communication	3619
feature selection	3856
terminolog	2693
markov model	3121
ontoclean	1649
transcript	3064
explicit semantic analysis	1650
brown clustering	2694
probabilistic latent semantic analysis	3833
operator	964
pivot	524
nurs	1255
mental	2815
straightforward	2733
ehr	3621
log	1651
lod	1652
area	1653
yarowski	441
user requirements document	2697
lom	1654
strict	1660
compliant	2698
requirements elicitation	1655
verid	3183
low	1656
lot	1657
submiss	1658
premis	1659
text segmentation	2702
treat	2125
reus	3781
verb	1692
timelin	2816
conclud	527
regard	3626
posterior	1662
infrequ	2705
computer security	528
categor	529
sawsdl	4057
conclus	530
phrase structure rules	1664
notat	3332
tripl	532
dirti	533
stanford	1032
default	1665
robustness	534
unusu	2708
exemplar	2709
grasp	3630
keyphras	1667
embed	2710
stochast	1668
age	3755
connect	2818
cbc	3631
ac	536
semantic role labeling	537
ad	2910
creat	538
ai	539
certain	540
systems architecture	541
mobile computing	1671
al	542
ao	543
rvl	3633
cbr	3634
ap	544
health care	545
liverpool	4024
decreas	1672
file	2714
cultur	2715
harvest	3000
conceptual clustering	2704
proport	2716
webhous	3730
cream	548
incorrect	3636
cohesion	1428
completeness	1673
googl	549
tradeoff	2960
collin	550
kaon	3569
hybrid	2720
bremen	551
marketplac	1090
event	416
field	2721
valid	1674
compet	3639
rdbm	1099
spatial	3129
mathematics	1102
spoken language	2707
architectur	3135
poor	1676
polar	1677
discours	3642
registri	1117
vocabulary	552
genetic algorithm	553
sequenc	2722
symbol	3643
drift	1678
multidimension	1128
dynamic logic	2724
polynomi	1131
briefli	3645
vocabulari	555
nonmonoton	1679
qualitative reasoning	1680
edutella	556
reduc	1148
position paper	557
guerick	1682
directori	3646
invest	3647
descript	3166
rule interchange format	1683
inevit	1684
mass	558
token	2813
potenti	2027
directory	3648
supervised learning	2729
cpu	559
smt	80
consider	561
illustr	562
lack	3650
standardis	3538
month	1686
bayesian	2643
correl	1687
abil	3652
reson	565
user experience design	566
disk	1121
children	2732
kqml	1688
content	2304
andrea	3571
champollion	1199
tv	567
equivalence	1689
former	459
tm	569
tj	570
th	571
queri	2474
tf	572
sustain	1754
tc	573
introduc	574
e commerce	3252
liter	1218
normalis	575
deeper	2390
ingredi	2132
fals	2734
quantif	2275
faq	3655
offlin	2735
determinist	3101
util	2736
personnel	2719
candid	576
mechan	1693
computational logic	1694
bottleneck	2739
strand	579
induct	197
pre	3518
unigram	580
wsd	2740
harri	581
lisp	3657
finnish	1892
regular expression	3666
clickthrough	3264
list	3658
antonymi	1256
document structure description	2741
circuit	3872
adjust	582
bleu	3659
cosin	1695
plain	3103
small	583
align	3939
dumai	3416
dimens	1696
enterpris	584
homonym	1697
sapienza	3273
neighborhood	2744
ga	1947
ten	3661
unsatisfi	3663
denotational semantics	1280
past	585
precision and recall	3299
rate	1284
monolingu	1701
design	1285
pass	586
ter	3668
casual	1702
proxi	3669
excit	2999
typolog	1547
navig	87
computational learning theory	3298
suo	3672
marathi	2748
section	588
learner	1705
brief	3894
overload	3674
delet	589
abbrevi	590
version	3675
intersect	3442
public	2749
contrast	591
essenc	1706
literari	2964
segmentation	3676
full	592
hash	593
variat	2752
sophist	2753
karlsruh	2754
behaviour	3677
modular	1707
middl	3678
box	2504
free	2756
inher	594
microblogging	2479
strong	3623
modifi	1709
ignor	1710
valu	2757
arena	1711
search	2758
core ontology	3679
prior	597
amount	1355
pico	598
social	599
action	600
introductori	601
narrow	2760
magnitud	3681
medicin	1368
tour	2631
depart	602
curat	2761
primit	2762
transit	2763
boosting	2764
b	2765
vip	603
inappropri	2766
famili	1715
heurist	3683
viz	605
formal verification	3011
perceptron	1716
select	606
dieter	3759
aggress	1717
executable	607
web analytics	1718
eye	3381
proceed	3685
distinct	2769
regist	2771
coverag	1524
infosleuth	1402
formul	1404
named entity	1719
autonom	3686
minor	3056
swoop	2481
reachabl	608
flat	1419
mellon	3427
desir	2773
divergence from randomness model	3688
correlation clustering	3795
canon	2774
hundr	609
coraal	1252
probabilist	3689
proper noun	3216
uddi	2775
aris	1954
neurosci	3415
inverted index	3691
compani	610
argumentation theory	1721
cach	611
church	4062
management system	612
none	2776
puzzl	3263
valuabl	1440
cluster	2653
recall	2778
principle of compositionality	614
histori	1722
paragraph	2779
learn	615
clutter	3575
full text search	3684
spite	3306
prompt	1875
dual	3165
magpi	2483
pointwise mutual information	3697
challeng	617
registr	618
share	2781
templat	1478
cation	2782
sphere	2783
minimum	2784
rdf xml	619
pointwis	1484
explor	2785
explos	2786
logical schema	3699
phrase	1728
service discovery	3466
keyword extraction	2108
paradigm	2418
huge	623
answer	2267
interconnect	624
hash function	1979
modular programming	625
secur	2787
rather	1506
comfort	1820
hypothesi	3573
botan	1511
co occurrence networks	627
reject	1730
iso	2313
reasoning system	3576
csp	2789
plant	629
infecti	1586
resourc	3703
aktiverank	1761
algebra	3704
chunking	3705
wiley	630
variant	631
catalog	3708
optimization problem	2473
reflect	1555
fa	1732
agent architecture	632
plane	633
bioinformatics	634
undergradu	2987
distributed database	2794
varianc	635
associ	2795
isa	2314
lexical functional grammar	636
gaussian	4085
stabil	1733
circumst	638
short	3709
documentation	1568
semantic integration	2797
ambigu	3710
caus	1569
imageri	640
social software engineering	641
ensembl	3531
volum	2971
phrasal	2573
lexicalis	642
preposit	2799
traceability	1972
cimino	217
hierarchy	1737
taxonomy	1738
hypertext	2800
undesir	3284
mission	1835
tupl	2801
trade	643
scientist	2663
scott	644
hierarchi	1956
taxonomi	1739
suffer	3549
paramet	1740
mereolog	2802
microarray	646
brows	1439
encoding	1765
subtop	3249
relev	3882
late	2804
user interface	647
html	3578
stephen	3717
penn	2805
nltk	2798
transitive relation	2806
alter	3719
finer	1741
clariti	96
return	3720
item	2490
food	1742
sentenc	2371
cem	2913
largest	3721
framework	3722
subtask	1622
rank	3270
snome	2141
oxford	2810
semi supervised learning	1743
animation	3527
case based reasoning	1713
administr	3723
unlik	2317
critic	2812
graphical model	651
fsa red algorithm	652
achiev	653
reactiv	346
human computer interaction	2145
fellbaum	2144
compris	1640
genom	654
intervent	1746
friendship	3724
subsystem	3616
darmstadt	655
soupa	3301
transform	2494
weight	3725
knowledge management	656
monoton	657
idea	2817
heavi	1748
linkag	3727
persona	2726
top down parsing language	3901
benefit	1633
web search query	3729
personalization	2868
http	2148
energi	2819
reduct	659
perceptu	1749
safeti	1751
psychology	660
encod	3484
lexicographi	661
robert	1752
publish	1753
abl	3302
health	1690
textrunn	3733
lexicography	662
print	2822
indexation	3656
occurr	663
difficulti	3662
qualifi	665
plain text	1755
wisconsin	3735
belief	666
advanc	1704
yale	3431
promptdiff	2662
belief revision	3738
reason	1712
base	1756
mafra	2823
algorithm design	2824
teach	3740
basi	1757
prefac	668
thread	3742
nomenclatur	3274
modularity	1407
lingual	669
caption	1758
american	1759
schemata	1760
due	3802
w	670
universidad	1762
freiburg	2825
discriminative model	2665
assign	1735
feed	201
unrestrict	2832
obviou	1764
upper	1444
exchang	2827
noun phrase	1766
least	2018
formal ontology	2828
semiform	2829
stabl	2830
functional dependency	1750
miss	1767
guess	3737
leverage	671
resnik	3745
exponenti	672
interact	1113
bay	2366
tove	673
construct	784
swarm	845
stori	3747
statement	2833
cfg	3887
compromise	2834
reorder	3863
molecular	674
disagr	1771
store	3748
schema	1772
generative grammar	3749
imperfect	1789
option	3750
relationship	675
mildly context sensitive grammar formalism	4040
sweet	3796
hotel	3751
park	2835
commonsense knowledge	3752
pari	2836
molecule mining	1774
tivo	1775
nci	1776
complete information	476
pars	2837
web api	1802
consult	678
induc	3785
data web	4087
semantic analytics	2838
context awareness	1777
kind	3756
hearst	1277
contrari	2840
cyclic	2841
remot	1815
lexical analysis	1779
neural	3117
speech processing	2495
dtd	1781
joint probability distribution	1888
bridg	1782
semtag	1783
discrete mathematics	3786
arrang	679
toward	1785
word error rate	1786
debugging	2843
nlp	3537
urban	3278
ifc	1787
defect	681
peculiar	2327
adversarial information retrieval	3188
packag	682
dublin core	2844
complet	3348
deductive database	1788
null	1859
karl	1790
lie	1869
unintend	1791
metabol	684
equival	685
superior	3764
software architecture	1792
lin	1793
violat	3763
judici	3980
knowledge extraction	687
multi agent system	1882
analogy	688
computer programming	2157
quillian	2845
rna	3347
qbse	3835
play	689
distribut	2846
kad	1794
application domain	1795
english	4042
reach	3218
mixtur	1906
logical data model	1797
prolifer	2848
plan	690
latent semantic indexing	434
southampton	3267
ka	2850
clear	1798
popularity	1799
cover	303
km	2852
web modeling	693
speech recognition	3765
kr	2853
clean	1800
document retrieval	3891
usual	1801
microsoft	694
sector	2854
commerc	3877
reific	695
phenomenon	1804
gold	696
treebank	3330
affix	697
sentiwordnet	1805
grid computing	1806
session	698
particularli	2856
reput	699
fine	2857
affin	700
backtracking	2859
impact	702
cell	1967
colloc	704
business process management	1807
ineffect	705
query expansion	2326
seri	3517
writer	706
solut	707
lexical item	708
factor	710
tbox	1809
hit	3773
lexica	1810
supersens	3285
lexico	1811
web 2 0	2692
sf	2086
cheaper	2865
barrier	1262
nativ	1812
mainten	711
rest	2866
pellet	2867
rfq	3938
appeal	1450
ubiquitous computing	1813
synthet	714
princeton	2330
clinic	3123
acut	715
plsa	2038
singapor	716
computer engineering	717
crf	718
statist	3775
bilingu	2170
x	1816
trec	719
crm	720
semantic data model	721
genex	3297
art	3020
testbed	3124
adopt	3346
creator	722
overwhelm	723
ontology chart	3810
decompos	2870
arc	3778
description logic	2871
lisbon	2872
disadvantag	331
cache language model	1819
skill	3779
analog	724
word association	1144
connectionism	2333
simultan	4044
default logic	726
expert	2873
matter	2334
mine	2339
chart	2847
l attributed grammar	3321
particip	1822
debat	2876
testb	3131
restructur	728
myriad	2877
white	3509
entity linking	2990
call	3715
parsing expression grammar	1823
altern	2878
signatur	729
catalogu	1824
syntact	2111
numer	1825
lexical database	3286
complement	2879
estimation theory	731
scalability	1827
user generated content	2727
rapid	3789
premise	2880
consumpt	1784
distinguish	1829
noisy text analytics	2501
minut	2882
popul	2883
spatial query	732
c	3791
last	734
xacml	1830
hyperlink	736
alon	2884
topic model	738
foreign	325
latent semantic analysis	3793
portabl	3199
biopax	739
semvers	3794
upper and lower bounds	740
business process modeling	2842
whole	741
contemporari	2609
load	4043
cql	2636
linked data	2160
metadata repository	3308
episod	742
meta data services	4072
instanti	2886
schedul	743
dimension	3568
proton	1831
kernel method	3797
residu	2981
probability distribution	744
carlo	2973
information schema	1833
neuro fuzzy	1834
suppli	2888
lar	3798
lemma	3989
simpler	3146
automatic indexing	3289
pr	3974
blog	1980
pp	3800
vertic	2982
java	3801
publishing	746
online analytical processing	3734
help	1372
devic	747
swd	2136
calculu	748
decision tree learning	749
daml	1837
unambigu	750
kraft	3170
modal logic	1838
strategi	1150
firm	752
domain knowledge	1455
exercis	487
enterprise integration	4093
imag	1839
citizen	3127
remark	2984
ecosystem	452
coordin	1840
racer	754
understand	2891
demand	692
repetit	2892
educ	755
fuzzy logic	1841
convers	2893
pact	1842
gender	1959
loom	1844
uncertain	756
look	1845
solid	595
simple knowledge organization system	2894
erron	757
mln	758
histor	759
forgetting	760
seed	683
unifi	2896
smart	4050
behavior	3806
error	762
abox	3844
anonym	3383
loos	2248
loop	1848
knowledge organization	763
landauer	1849
real	1629
pragmat	1850
information structure	2899
hendler	1851
readi	1852
centr	29
cooccurr	3254
f logic	1854
services computing	764
herein	1855
rim	2263
costli	2988
centuri	37
quadrat	1856
li	3426
illinoi	2266
recurrent neural network	1857
pedagog	1858
chase	765
irrelev	766
baseline	2276
grant	1860
knowledge level	1861
belong	2282
hadoop	3809
shorter	769
lengthi	3811
decod	770
grand	1863
bibster	771
radiolog	1865
attack	3276
anatom	772
composition	1866
conflict	1867
higher	2293
archiv	2902
active learning	773
optim	1870
information needs	3153
wherea	3812
alert	775
software construction	3760
moment	2903
user	1872
impedi	3813
multimod	2318
domain specificity	776
provabl	1663
specialis	1873
stack	99
recent	777
knn	778
dark	2904
travers	2905
gene	3155
pattern recognition	2906
machineri	3816
software versioning	2113
eleg	779
entri	115
searchabl	3817
conditional probability	4049
hierarchical clustering of networks	124
person	780
realiz	3068
expens	781
elev	782
landmark	338
grid	2681
academ	783
tast	2907
self	3818
propos	3819
explan	2908
lda	132
unseen	3820
semantic network	785
vold	3902
collabor	3822
relianc	3823
shape	2909
data stream	3824
inference	1462
taiwan	1876
reason maintenance	3825
oa	3613
data retrieval	786
predomin	1878
cup	1563
data exchange	3826
danger	1976
zurich	2911
bww	3045
corefer	2383
informat	1879
cue	2912
trecvid	787
multiword	788
theorem	3828
relevance	789
input	790
subsequ	1880
build	3829
ws i basic profile	195
ontolingua	3132
marco	1883
vendor	3830
satisfiability	791
format	792
prefer	1885
subfield	793
chapter	3461
molecul	1886
intuit	794
bia	2916
judgement	2917
game	1887
quest	795
insert	1666
falcon	796
bit	2126
abduct	797
information model	798
formal	799
reusability	2918
semantic technology	800
support vector machine	801
stylist	218
semi	2919
similarity measure	2920
reconstruct	3313
unified medical language system	803
signal	1893
resolv	1894
manifest	1895
unsatisfactori	3574
collect	2885
princip	2921
boolean	1978
disambigu	2922
valenc	1896
corpor	1897
popular	1898
terminology	1899
image retrieval	2923
sketch	1900
often	2924
acknowledg	804
creation	2458
back	2925
phone	3837
global	3838
urgent	1901
sampl	805
probabilistic relevance model	1632
affili	3842
surpris	3840
ontop	264
ontology merging	3140
greedy algorithm	4018
automated reasoning	806
scale	2927
decision	2928
novelty	807
pharmaceut	808
knowledge representation and reasoning	277
folksonomy	1981
recognit	810
unified modeling language	811
mathemat	2929
centroid	3532
body of knowledge	3843
slang	3260
synset	282
novelti	812
recogniz	813
machin	814
be	815
run	1905
bm	816
bn	817
database transaction	2683
agreement	818
stem	2503
bt	819
step	1907
fee	2808
bigtabl	820
bs	821
everyday	2655
metaphor	1984
wsdl	2932
constraint	2933
mendelzon	822
materi	823
prove	1469
data model	1910
simulation	1911
viabil	3831
regular	2343
modal	2539
computer network	1985
pertin	1151
ide	1862
semistructur	2934
block	1913
charl	2849
repair	4071
emphasi	3849
colorado	824
plethora	3850
knowledge acquisition	4035
contributor	825
tree kernel	3599
idef5	1915
artifici	2566
idef3	1916
risk	2264
semantic equivalence	826
websit	2993
inclus	2937
legal expert system	827
span	828
carnegi	1919
spam	830
software design pattern	831
question	2574
percept	3452
textual	382
custom	832
adjac	3855
camera	1988
handbook	2938
includ	2939
suit	833
forward	2940
proof theoretic semantics	834
xpath	835
sdp	2941
perplex	837
subgraph	838
kb	3857
poster	839
semantic similarity	2942
criteria	3453
twenti	3754
decomposit	840
cloth	3858
fuzzy set operations	1921
link	841
sda	415
newer	1922
atom	842
russian	1241
sun	3673
line	843
mitig	844
specialti	2611
stop words	3861
dynamic programming	2944
consist	3862
middleware	1923
simplif	2432
up	846
us	438
um	847
un	848
today	3454
uk	849
semiot	2946
highlight	3864
z	2629
similar	1924
alarm	2349
yago	1925
v	3696
constant	2949
software walkthrough	850
reconcili	851
ws addressing	852
repres	2232
incomplet	1927
string metric	3227
chat	853
home	2176
special case	854
spontan	2207
coder	472
paradox	855
computer user satisfaction	1929
titl	1930
sequenti	2952
water	3440
invalid	856
rewriting	1931
priori	2954
librari	2177
data collection	2329
asymmetr	2955
nice	3866
pharmacogenom	857
draw	1933
curriculum	2517
qbf	1934
benchmark	2956
process modeling	511
finit	3867
william	1935
rise	2270
oregon	1936
computational complexity theory	2957
clue	1476
enzym	2699
transfer based machine translation	3869
polysemy	2518
agm	2996
svm	1937
e	1938
vice	3870
svd	1939
notion	2959
discrimin	860
depth	1940
narrative	2215
rigid	1941
dvw	2725
dvp	1942
extensibility	862
prototyp	3874
essay	863
rte	3768
evidenti	1943
code	864
partial	865
examin	2520
process management	1944
gp	1945
scratch	866
vldb	1946
coeffici	3784
sentiment analysis	1868
proposition	2742
landscap	3605
broader	868
stratifi	3884
go	2746
cognit	1948
gi	1949
compact	1950
privat	2965
simon	3879
turkish	596
sensit	2073
semantic gap	1951
lkb	1952
friendli	1953
granular	2967
applied linguistics	2522
visitor	2353
sens	871
maryland	38
formal semantics	1955
knowledge modeling	616
probe	3966
mainstream	3880
wave	1957
tree traversal	637
electron	3881
encycloped	873
disast	875
big data	2860
social web	2524
tri	3770
northwestern	876
augment	3909
text graph	3883
scripting language	208
perceiv	1997
michael	1960
geograph	658
fewer	878
simple lr parser	879
olap	1962
declar	3942
psycholinguist	1998
programming language	3608
related	3944
vehicl	880
impli	881
smaller	3885
visualis	3250
service oriented architecture	1412
soba	3886
odp	883
document definition markup language	1778
encourag	2185
maintain	2279
investig	3888
video	3245
snowbal	680
earth	2972
download	1964
odd	686
click	1965
compat	3579
index	886
font	1966
power	510
compar	3890
chicago	2974
resembl	882
multimedia	889
logical framework	2975
mammographi	890
relationship extraction	3892
find	2858
access	703
business process discovery	3893
experiment	2863
coreference	891
iterated function	3895
frequent	2580
foundational model of anatomy	3911
materialized view	892
distributed computing	2976
lee	725
elect	2509
absolut	3303
lexical grammar	2978
tabul	3897
hierarchical clustering	1968
lem	893
broker	2979
closur	2980
layout	133
becom	1969
fifteen	894
implicit	2983
acquir	4054
great	895
scalabl	3001
copyright	1808
tambi	1970
cluster analysis	3460
genu	1971
technolog	896
host	3145
later	3534
defeas	897
tree structure	898
rdf	899
survey	900
rdb	901
earli	2985
opinion	902
chang	1974
theoretical computer science	1485
maker	903
chanc	1975
employe	3005
calibr	904
heart	1486
appli	3903
approxim	1821
emot	905
disciplin	1022
folksonomi	1977
semantic html	3904
restaur	135
expect	3728
motiv	4030
api	870
uniqu	2525
causal	809
cloud	1982
social media	1983
cornerston	2689
test set	906
commun	907
swoogle	620
doubl	908
seamless	2992
conceptual graph	1986
next	909
implic	1987
busi	137
postprocess	1989
imprecis	2994
semantic grid	2995
stage	1990
start	3906
adequaci	1991
sort	3907
model based reasoning	3808
trait	2997
natural language user interface	2998
freebas	911
mismatch	1992
service delivery framework	912
handcraft	858
interplay	3947
train	2238
software system	914
verification and validation	3612
iii	869
project management	1995
account	140
retriev	1996
erasur	915
f	733
dens	3984
upper ontology	516
applied mathematics	3910
lr parser	330
cumbersom	918
product design	3832
tag	1566
probabilistic logic	3003
conceptnet	3004
meet	1999
pedagogy	3912
generative model	2098
control	2000
singular value decomposition	2001
council	2002
clausal	2003
temporal logic	3006
morphosyntact	922
semantic web	917
computer assisted translation	919
proprietari	3915
paraphras	920
technisch	921
agenc	2007
schemat	1189
onlin	3008
crimin	923
serial	3009
agreementmak	2008
surfac	930
notation	3422
quantitative linguistics	3010
reuter	925
tableau	926
occur	1493
wareh	927
acycl	2011
carrier	3916
forest	3013
stemmer	2013
unsupervis	3917
circumscript	928
stock	3014
express	2864
singular	929
philosophy	3015
semantic search	931
apriori algorithm	3919
attent	3920
mathematical optimization	932
philosophi	3017
physic	992
open knowledge base connectivity	3923
alloc	933
essenti	934
tf idf	935
thesauri	936
robot	937
element	938
issu	939
source text	3061
encyclopedia	2015
thesauru	1005
allow	940
subtyp	2017
imagenet	3021
bloom	3505
pattern matching	3926
elig	3927
owl s	3928
movi	941
kbc	3929
xml validation	942
insight	943
negation	944
report	3312
evolutionari	945
opportunistic reasoning	946
epistemolog	947
web ontology language	3617
kbp	3931
narr	3022
perfect	948
binary independence model	916
le	3382
lc	3023
consensu	2019
la	1045
chosen	949
bibliographic ontology	141
lm	3025
interlink	950
infobox	3027
infrastructur	952
lp	3028
underpin	3934
anyon	3936
decad	953
therefor	1068
pixel	2022
preval	1070
logical conjunction	2023
dag	3029
pure	2536
tabl	2534
python	954
dan	3031
overal	955
strateg	956
bulk	3100
mention	3033
facilit	957
front	2026
standard boolean model	3034
day	3035
strengths and weaknesses	2029
piggi	142
world wide web	2030
supertag	2031
turk	3499
spatial analysis	3036
edit	3941
medlin	959
pathway	2537
merge	960
weather	4079
mode	2032
truth	1124
modeling language	3620
identifier	3037
k nearest neighbors algorithm	1814
subset	961
societi	962
hypernym	1136
sesam	2122
mobile search	963
nonparametr	2033
chunk	3156
predic	3341
information extraction	3945
combinatori	2034
meta	965
static	966
brittl	2035
annot	3948
hyperbol	2036
user modeling	1583
factoid	967
special	2037
variabl	968
matrix	969
sentiment	3949
frontier	3950
influenc	2040
temporal annotation	1169
closer	2041
metonymi	1171
bad	971
discharg	2042
categori	1250
cxml	3951
cwm	3041
suitabl	3178
rel	1176
lattic	973
hardwar	2044
semev	3952
rea	3043
plural	2153
defens	1461
matric	974
data access	2367
epistem	3953
database model	1600
workflow	1190
subject matter expert	976
frank	361
manipul	2045
data quality	2046
standalon	1200
plnlp	2047
data stream clustering	3954
york	3788
dictionari	1334
latest	3122
releas	554
data type	977
likelihood	3085
shortest	978
database search engine	979
dirichlet	1210
g	3955
automatic image annotation	980
david	1222
counterpart	2051
conversation	3956
length	981
enforc	1226
lexem	982
outsid	983
geometri	2052
cloud computing security	3230
possibilist	3047
retail	3048
austin	2053
organiz	461
south	3049
softwar	984
data integrity	985
suffix	3050
manuscript	986
christoph	2055
mit	3062
knowledge interchange format	2056
qualiti	2057
scene	987
unobserv	988
relational database management system	3767
access control	3411
context model	989
owner	990
automated theorem proving	3558
facil	1258
spelling	2014
prioriti	3257
long	3854
mebn	3262
ibm	3046
unknown	3732
licens	991
backtrack	1818
accent	1244
capac	2584
messag	1272
grow	2543
engineering design process	3960
attach	2059
xml framework	2060
salienc	3961
semantic property	3922
boid	3962
privaci	2061
interfac	3622
biochem	3051
man	2544
final	2062
metamodel	1574
ground truth	2064
shell	3292
digital library	2700
tuple	2678
fuzzi	2065
methodolog	2066
shallow	3963
dataspac	2413
cyc	2067
inductive logic programming	3964
proactiv	3777
semantic interoperability	3624
rst	2068
orchestr	3924
autonomic computing	2069
ogc	3983
rss	2070
rbac	3707
prune	1318
embodi	3053
semi structured model	2071
binary relation	3054
wireless sensor network	3018
richer	3965
operational semantics	994
rca	2208
data set	995
information quality	3157
seriou	1877
psycholog	996
exhibit	431
systems engineering	2074
clir	3968
clip	3338
explicit	1505
correspond	997
biomedical text mining	3478
coher	3970
close	2075
need	2076
turn	3058
optimis	998
fluent	2077
depict	999
probabl	3169
subproblem	3606
diverg	3972
rout	3355
accuraci	1000
multistrategi	2078
discret	1001
biological data	1769
tactic	2079
discrep	1002
graphical user interface	3364
detector	3366
phenotyp	1003
soap	1004
singl	2080
crawler	3231
konclud	3977
agenda	2016
deploy	2081
quantifi	2307
oracl	1006
dutch	3739
multitud	2935
hyponymi	1007
rigor	2082
hecataeu	4005
segment	1008
payment	3065
homogen	1406
static web page	1408
placement	1010
software engineering	2083
url	2084
gather	3067
stronger	1011
uri	2085
face	1012
txnwrap	2087
diffus	3627
snapshot	3403
talk	2088
determin	3985
constrain	2089
relax ng	2090
apparatu	2091
someth	2875
software portability	1013
affair	2092
deductive reasoning	3875
selection	3070
dbm	1014
text	3071
verbos	3423
social network	2093
indispens	1015
knowledge integration	3072
tractabl	1016
empir	3073
semantic interpretation	1017
rough	1018
visibl	3075
trivial	1448
xml schema editor	3076
resource oriented architecture	3162
small number	2188
nois	1019
bayesian probability	2094
distributed computing environment	3766
web engineering	1464
videogam	3325
manufactur	2096
document management system	1020
formal language	2651
concept map	1021
ambiguity	1474
anneal	1023
local	3990
sublanguag	1204
hope	1024
move	1026
contribut	3992
classical logic	2966
satisfact	1027
familiar	1028
nontrivi	3782
ko	2851
bear	3079
autom	1029
joint	2099
graduat	2100
joins	2101
increas	3081
kbe	3930
edg	3876
lucki	3644
lossless	3995
multiple choice	3693
enabl	2102
connaiss	1030
brain	1508
h	1031
qa	3489
term discrimination	3997
integr	250
partit	3998
management information systems	394
nearest neighbor search	2105
ql	3497
nist	1033
view	4000
krypton	3083
conform	3590
workbench	3502
legaci	2107
pronoun	885
shortcom	3430
credibl	1166
library science	2109
frame	1035
knowledg	4003
software mining	3783
ontologist	3084
linguist	2368
artifact centric business process model	2110
mistak	4004
disc	3651
particl	1036
turku	2010
polymorph	1037
disjunct	2112
computer	3515
pointer	2550
boundari	3610
content analysis	1038
information management	1039
tend	2114
favor	3543
proof	3913
wavelet	2115
bipartite graph	2116
tens	2117
progress	1585
software deployment	1041
email	1042
tent	2118
source code	1043
word lists by frequency	3087
amazon	3310
patholog	3088
linguistics	3345
database design	1044
darpa	1593
deliver	3089
reinforc	2119
isol	1826
content based image retrieval	4010
job	149
entir	4011
rare	4074
key	2120
group	2552
technical report	3090
thank	2553
instant	3091
monotonic function	3932
centric	2243
plugin	3092
goal	4012
use case	3024
equal	884
drug	1046
etc	1047
instanc	3094
streams	1048
equat	2470
grail	3582
passag	3481
articul	3173
etl	1049
comment	3093
ci	1050
ch	1051
co	1052
censorship	3873
cm	2594
wall	4016
guidelin	3095
data science	3096
complementari	2881
cg	1053
cf	1054
cd	1055
distil	1056
real time computing	3196
toler	164
declarative programming	3601
cr	1057
labor	3026
information exchange	1058
ct	1059
web navigation	3097
web application security	1060
anomali	2162
obstacl	1061
insuffici	1063
compon	2528
tutor	1292
accept	3456
besid	4021
hindi	279
electr	3098
immedi	1064
xml schema	3099
conceptual model	4022
mike	1495
requirements analysis	2578
sensev	2127
upcom	4023
stakehold	2128
malacard	1675
coherence	1065
spammer	4025
statistical model	1066
deliber	1067
germanet	2129
acoust	3334
deep	2713
hansard	2945
software agent	3480
plausibl	2131
replic	676
multi	3102
main	2556
glossary	2133
datalog	1069
activity recognition	3660
contextu	3905
defin	1703
genr	2900
text processing	3420
inferenti	2895
glossari	2134
intranet	3202
observ	1040
fuzzy classification	2048
bbc	4019
layer	4027
purchas	1714
customiz	4028
engag	2135
kernel	2620
demo	2137
site	1071
pso	1630
vs	1072
vt	1073
vu	1725
substanti	3107
lightweight	4031
partner	3108
revis	2138
tempor	2445
greater	3030
uniti	3706
undecid	4100
graph database	2223
japanes	3110
parti	2139
cognitive models of information retrieval	3111
referenti	1074
cross	648
phrase search	3112
member	4034
handl	2024
postul	3757
speaker	2140
financi	2559
soundness	1075
fill	3114
hyponym	2143
web development	2021
difficult	4036
swrl	1076
competit	1077
spell	3032
columbia	1078
conditional random field	1079
denot	2718
expans	1080
iot	4008
uniform	3771
automation	3741
mathematical model	1081
ontolearn	4038
student	4039
judgment	1768
expand	1082
application software	2150
compendium	2151
component based software engineering	2152
weld	2154
center	3116
subtre	3193
bootstrapping	2155
nevertheless	3118
builder	2106
information theory	4041
well	2156
versatil	3119
thought	604
sedelow	3120
command	1084
interpol	1796
salient	3959
audio	1085
data element	1086
subgroup	1087
unari	1803
distanc	2159
lesser	3189
less	1088
percent	4091
converg	1973
obtain	1724
star schema	1089
tcm	3933
distant	2161
process ontology	3637
concept search	1091
biologist	577
interrel	2589
glue	1092
systemat	3125
misalign	2874
lesk	1093
web	1094
personalis	3787
claim	2529
bibliography	1095
internet privacy	1096
tight	3126
elsevi	4045
smith	4046
discuss	3772
lattice	1097
cyberspac	4047
bibliographi	1098
circular	4048
tripartit	1266
densiti	2163
adl	3128
successor	3940
match	1847
ensemble learning	4051
data structure	730
vulner	3593
government	1100
webpag	1101
piec	1871
assert	4053
punctuat	3130
mapreduc	1531
burden	2164
press	4055
recurs	1103
recurr	1104
name	4056
redund	3016
sparsiti	1105
xqueri	2166
crisp	1106
like	1891
onion	1107
header	1832
microblog	1108
realist	4058
data extraction	2167
inferenc	1902
necessari	2168
cognition	2561
polit	3943
soft	3136
crisi	1109
italian	3137
drop	4059
the internet	2172
incent	1111
captur	1112
kdd	4060
twitter	2173
multinet	3889
phenomena	2174
reifi	3138
co occurrence	4063
multimodal logic	2382
growth	2323
export	4064
metasearch engine	2175
information processing	3059
proper	1926
guarante	1114
peter	3865
vsm	1115
transport	1116
emergency management	4083
canopy clustering algorithm	2178
trust	3524
feder	1118
lead	4065
overlay	2179
small set	1119
broad	2181
avoid	1120
miner	4066
aterm	3040
overlap	2182
expressivity	3860
estim	2183
contact	3973
esa	3142
information security	4068
massachusett	2184
knowledge engineering	3143
biology	1122
data analysis	1123
longman	3799
acronym	4069
vertex	2723
journal	3896
usag	2186
noisi	3144
information flow	2187
dissert	1125
new product development	1126
preferenti	1127
skelet	1129
sensor fusion	1130
training set	1993
reference model	4073
actual	1994
adverb	180
extension	4075
column	2496
freedom	2189
justif	802
relational model	1341
lifecycl	397
constructor	4076
test case	1133
predictor	3148
software	1134
em	1535
richli	2191
washington	2192
bridging	2562
automat	4078
dataset	2028
assess	1137
chronic	3150
en	1538
empti	1836
mere	1138
merg	1139
ecolog	3580
processor	3151
van	4080
mixture model	1141
pictur	3152
transfer	4081
sententi	1143
themat	2194
smoothing	4082
intellig	3038
threat	3743
trigger	2387
inner	2195
bd	1145
holist	2196
business intelligence	1146
deliveri	1147
netherland	2197
contradictori	4084
unexpect	3158
philosoph	1681
brand	3159
histogram	3979
neutral	2198
bodi	3160
gain	2199
larger	3899
convergence	1152
eas	3664
highest	1843
bug	3163
eav	3387
count	1153
multilingualism	2224
recipi	3536
eurowordnet	2200
levin	913
meronymi	2201
j	3164
smooth	1154
sgml	667
po	3803
asynchron	2202
record	4086
possibility theory	2203
enterprise software	3946
homograph	1155
display	4013
word sense disambiguation	2204
weakli	3780
bigram	1156
evalu	2205
decision tree	443
int	1157
requirements engineering	4088
okbc	4089
pif	3167
domain engineering	4090
starql	3976
multi document summarization	1158
implement	2986
query by example	3168
ing	1159
inc	1160
data sharing	2146
mutual	4037
sharabl	2209
application programming interface	301
contest	2210
guidanc	2158
makinson	2696
virtual	3171
disjoint	3971
other	1723
lookup	1161
futur	2211
branch	1062
varieti	1162
u	2728
toefl	1546
scholarli	1163
repeat	1164
star	2212
information sharing	1165
mcc	2391
class	3981
ontocap	3776
multi task learning	621
foil	2213
rql	2214
gap	2890
terminology extraction	3154
searcher	1167
degrad	3649
scientif	4097
maximum entropy markov model	3172
reliabl	4098
martin	3845
snippet	1729
rule	1168
portion	2216
emerg	1636
auxiliari	4099
invari	4096
