key	value
function	3914
represent	2784
rang	2857
set	742
comput	700
individu	3560
point	2947
process	943
natur	906
abstract	1456
particular	2831
number	688
procedur	673
detail	3237
high	944
second	15
paper	658
result	154
human	2473
year	1582
articl	1732
addit	4093
languag	1361
sever	2456
avail	252
differ	689
variou	2667
major	3792
perform	1389
use	2995
system	1017
research	678
current	302
state	3618
approach	3394
larg	289
computer science	273
way	1440
import	1635
experi	2938
simpl	641
method	603
artificial intelligence	2243
analysi	1607
applic	1388
previou	2905
complex	3415
form	1611
model	3664
gener	1490
object	128
effect	2194
direct	2373
standard	1294
novel	2176
new	2286
part	2894
level	3500
data	350
studi	1230
present	3732
techniqu	3599
case	3648
task	108
practic	3545
algorithm	881
possibl	2760
type	260
work	1241
signific	3485
structur	3119
machine learning	3969
inform	3172
exampl	1110
limit	2963
common	2927
context	2193
time	281
mani	458
problem	1183
order	1269
first	2632
