key	value
major	4473
signific	2598
paper	196
abil	4111
find	5163
group	817
solut	3080
articl	4773
main	5060
real	1933
applic	3629
contribut	4236
variou	2233
mechan	516
new	2133
characterist	760
term	4049
success	1010
specif	2932
level	1105
common	3802
mean	3586
work	4622
natur	1666
individu	1128
direct	733
design	2709
result	4329
respons	1414
special	640
subject	3609
abl	5128
research	202
current	1460
version	1196
import	477
experi	922
approach	3991
refer	3025
power	4437
gener	4705
use	5198
extens	49
key	661
valu	2311
addit	5565
commun	1676
degre	1943
mani	3005
studi	1774
principl	829
first	831
oper	2975
rang	3963
point	925
number	1588
system	3181
differ	4475
area	285
due	2756
avail	1439
way	3315
basic	747
type	2142
analysi	773
interest	4603
form	1905
tool	2532
part	3792
particular	5134
present	4251
case	1162
possibl	3741
properti	2490
structur	2438
limit	2125
posit	1139
problem	335
purpos	5380
control	4873
function	4896
comput	4478
evalu	696
process	270
certain	4441
year	458
high	1682
need	1071
sever	753
develop	3055
techniqu	1140
detail	1023
complex	3957
role	81
computer science	1452
varieti	1765
simpl	189
evid	4306
effect	4920
capabl	2281
data	1473
implement	963
goal	4130
practic	1122
issu	1689
inform	1123
exampl	3221
potenti	4109
time	4361
order	4634
