key	value
circuitri	0
orthogon	1324
prefix	2805
boosting methods for object categorization	4187
three dimensional face recognition	2806
googlenet	1
digit	4189
skylin	2802
hough	2803
time complexity	2
natural language understanding	4191
disturb	2804
scholar	4192
corpora	1582
prosodi	3
budget	1325
second	4194
spambot	722
prosody	34
sociolinguist	1326
classification scheme	4195
dialogu	4
ongo	1327
markov process	2808
carv	3276
nonlinear system	1328
china	5
granularity	2811
data point	2812
deterior	6
militari	1329
k	2813
intelligent character recognition	2814
controversi	7
golden	8
computer architecture	2815
speech perception	2816
unif	2868
lengthen	9
unix	4198
supervector	4199
cerebral palsy	4200
unit	4647
dna	10
dnn	11
music	12
relay	1330
relax	1331
relat	1332
yahoo	13
notic	2818
glass	4201
computational linguistics	1333
tying	1334
splog	4202
generaliz	90
accid	4203
vector quantization	1335
generalis	14
conceptu	4204
maximilian	4205
wang	15
household	1336
virtu	3736
malign	4206
multiresolut	16
hog	4207
types of artificial neural networks	2819
hoc	4208
travel	17
bimod	4209
feature	2820
classifi	4210
hot	4211
playback	18
radial basis function network	19
turk	1100
perspect	4212
abstraction	2821
intelligent decision support system	111
modulation	1337
diagram	1338
modest	116
impost	2577
vicin	2822
technology integration	4214
dispar	2920
one class classification	1339
wind	1340
feedback	4215
neuroimag	4216
source separation	22
appar	4840
vari	1341
fit	23
radiologist	4218
fix	24
vast	3488
auditori	2823
hidden	1343
easier	2824
proce	2825
enrich	1344
surgic	2826
interrupt	2827
sixteen	25
grba	2828
healthcar	2829
mdl	4219
concord	4271
laboratori	2638
mdd	4220
mdp	4221
wfst	1345
rt	2830
rs	2831
smt	1346
dsr	1347
dsp	1348
smo	1349
rf	2832
adapt	26
rl	2833
rm	2834
sme	1350
ro	2835
solid modeling	4223
impract	166
sensori	1351
navig	1352
hybrid system	2315
k means clustering	4224
decision table	2836
reformul	1354
atm	4225
ati	4226
silicon	2837
atr	4227
unabl	4228
motion estimation	2838
loudness	27
confus	191
clariti	2839
wast	1355
misclassif	28
instruct	1356
untranscrib	4229
evolut	2840
master	29
ranging	4230
listen	1357
danish	1358
rectifier	2841
affective computing	1359
palsi	4231
random walk	4232
wisdom	1360
performance improvement	3870
crawl	213
lexical item	1361
morphem	1362
trec	2842
association mapping	30
project	2844
tion	2845
diariz	2846
entail	1363
morpheme	455
boston	4234
spectrum	31
business intelligence	1364
increment	32
dozen	33
wireless network	4236
simplifi	35
object	3047
mouth	36
letter	1366
feed forward	37
singer	38
deep linguistic processing	1368
professor	1369
hospit	3059
lpi	1370
detriment	2847
lpc	1372
explan	2319
time delay neural network	1373
layout	2848
semantic network	4237
spamdexing	4238
apach	39
restaur	40
theme	1374
busi	4239
rich	41
plate	42
champaign	2849
pocket	2850
computational model	1375
psola	1376
patch	43
object oriented programming	44
bleu	3108
fair	1377
specialist	4196
naturalness	4240
fail	1378
best	1379
modern standard arabic	45
heterogen	46
wikipedia	3126
iri	47
figur	2851
score	1380
balanc	3976
inabl	2852
extend	48
discrete wavelet transform	1381
extent	49
toler	2853
advertis	4241
planner	2854
logic	2855
countri	2856
compromis	2857
and	4242
systems design	50
assum	51
summar	1382
duplic	2858
union	52
deep learning	53
chroma	3166
rgb	917
frr	55
much	56
advers	2859
pro	2587
life	1383
regul	57
retrospect	58
worker	2860
signature recognition	59
lift	1385
semeval	60
child	1386
davi	61
commerci	4246
employ	62
euclidean	2862
unsolv	1387
hopkin	4247
linear classifier	1388
toolkit	2864
relevance feedback	4248
player	4249
elicit	2865
haptic	1389
user profile	1391
harmoni	4251
jame	4846
format	3040
text corpus	1392
split	64
european	360
mmse	4252
prognost	4253
prognosi	4254
refin	65
tune	4255
mutual information	1393
acoustics	2866
academia	370
mnist	4257
unchang	2867
ordin	1394
lasso	67
hal	68
ham	69
easi	4258
noisy data	1395
speech coding	387
har	389
preserv	3491
support vector machine	1589
birth	1396
shadow	70
measur	4260
underli	2869
right	4261
old	4262
web usability	2870
crowd	71
czech	72
begin	4635
transmiss	1397
wavelet packet decomposition	4263
peripheri	2871
bottom	73
subclass	2872
condit	2873
sensibl	2874
colleg	1398
fault detection and isolation	3268
soc	2875
som	2876
son	443
creativ	75
resili	1400
fabric	76
suffici	77
combinatorics	1401
bioinformat	4264
support	2877
happi	3282
width	1402
joseph	4063
acknowledg	237
disambigu	2087
fpga	1404
offer	4265
pagerank	3288
equalization	4266
pesq	1406
sampl	238
dissemin	1407
khz	1408
adopt	3980
articulographi	1410
meta analysis	1592
proven	1411
exist	1412
interlanguage	3922
segmentation based object categorization	4720
floor	4269
actor	1413
narrowband	79
pictori	80
runtim	2591
legitim	488
notif	2817
intend	81
behavioral pattern	492
intens	82
intent	83
recommender system	1414
geometr	84
push	4272
corpu	85
breadth	2880
chain	86
reverber	4273
computer facial animation	2881
bittorrent tracker	4274
wake sleep algorithm	4275
osn	87
osa	88
sparse approximation	1415
chair	511
millisecond	2882
substitut	89
decis	2883
centroid	919
lre	2884
selectable mode vocoder	1416
search analytics	91
exact	92
solver	1417
single linkage clustering	2885
rejection rate	3290
team	1418
prevent	1419
intelligent tutoring system	541
compens	4278
dependency grammar	93
sign	2886
headset	94
currenc	1420
interlanguag	2887
fifti	3292
boost	95
vanderbilt	96
bi	1598
modif	97
splice	4281
address	98
worldwid	568
throughput	99
web page	100
spectral envelope	4282
commonli	1421
ipa	1422
prefer	4283
fake	588
icdar	2888
instal	101
monaural	1423
spatiotempor	102
hilbert	2890
crowdsourcing	4284
scope	2891
afford	950
peopl	4287
claus	2892
oregon	4288
enhanc	103
crfs	104
appendix	4289
data processing	4290
semantic gap	4291
pseudoword	4292
descriptor	1426
trustworthi	1427
problemat	1819
search algorithm	3427
pairwise comparison	1428
reconnaiss	622
generalizability theory	1429
parameter	1430
edinburgh	2893
spot	1431
date	1432
sociolinguistics	105
harmon	106
stress	4294
brownboost	2894
backpropag	1433
sr	2896
sp	635
ideolog	107
sv	2898
su	2899
st	636
si	2900
sm	2901
sl	2902
sc	2903
sa	2904
se	2905
sd	2906
function approximation	108
kong	1434
distance education	4295
multipath	646
control theory	109
matcher	1437
nation	2907
retrain	4296
anteced	660
partial least squares regression	908
language acquisition	4297
revers	1438
constrained clustering	4298
separ	3470
multipitch	4299
polit	2091
compil	1439
breakthrough	1440
unvoic	110
graphlet	112
semantic computing	4213
internet	689
computer hardware	4300
formula	4301
hci	1442
hidden semi markov model	4302
sheffield	3494
million	1444
envelop	3496
harmonic vector excitation coding	2908
receptive field	113
byte	114
kalman filter	115
remainder	3500
miml	2909
mimo	2910
reusabl	1446
departur	1447
timbral	1448
wrong	20
router	4303
neglect	708
intuition	1449
wlan	4304
spoken	117
parkinson	118
one	119
symmetri	120
spanish	4305
vote	1450
image processing	121
fmri	2912
convent	2913
phonetics	1451
citi	2914
statistical relational learning	3661
draft	4306
typing	1452
conveni	2915
artifact	4307
variable order markov model	4308
agglom	2916
logist	1453
nuisanc	4309
multi core processor	1455
allophon	122
prospect	1456
influenti	2917
argument	2918
sae	4311
sad	4312
sar	4313
grnn	123
american english	2919
sat	4314
note	4315
noth	4316
analysis of variance	1457
syllable	2921
compress	751
latent variable	4317
language technology	2922
abus	1458
multiag	2923
curse of dimensionality	1459
adaptability	2924
sale	4318
axi	1460
accented	4319
sda	5098
opportunist	2264
parsimoni	2926
merit	2927
bright	2928
slot	4320
slow	4321
imbal	1462
activ	2929
relational database	2930
carolina	1463
dissimilar	4322
rerank	125
mandarin	3297
erent	2932
requir	2933
prime	4323
artist	4324
twelv	4325
vision	126
surgeri	1464
regressor	1465
acoustic model	1466
paradigmat	1467
wideband	127
weibo	2936
televis	128
ubiquit	1468
parametric model	2937
noise reduction	4327
spars	4328
screen	2938
computer aided diagnosis	2939
spark	4329
heteroscedast	130
expression	1471
minima	2940
autoencoder	2941
twin	1472
data mining	1473
hyperplan	2942
flame clustering	132
accelerometer	133
west	134
breath	1474
discrimination learning	1475
place of articulation	4629
reflex	849
quality of service	2943
gist	2944
thousand	1476
resolut	135
grayscale	4332
catastroph	4333
hashtag	136
former	137
curricula	1477
facial action coding system	1478
graphem	138
canon	5360
concatenation	1479
anim	710
warehous	1480
ambient	3694
formalism	1609
econom	1481
binari	2945
tutori	4644
reliability engineering	3702
ludwig	2946
breakdown	1482
rfid	1483
data stream mining	1484
nonlinear dimensionality reduction	139
extern	882
traine	1485
colors of noise	888
dimension	140
summer	4337
part of speech tagging	2947
manifold	4338
rest	2948
weekli	1486
concentr	1487
rover	141
paralinguist	2949
littl	1488
instrument	4339
exercis	142
diphone	2950
robotics	2600
latent dirichlet allocation	143
dark	2951
regim	2952
categoris	144
traffic	145
world	146
intel	2953
data compression	3747
stationari	4341
integ	2954
updat	3506
inter	2955
manag	1490
supplementari	2956
muscl	4342
satisfactori	925
interactive media	1491
software quality	4343
diacrit	2958
tube	1492
definit	4344
ddi	4345
evolv	1493
dda	4346
notabl	148
ration	1494
kernel density estimation	2959
manual	4905
neurocomputational speech processing	2708
aco	1495
incremental learning	1612
acm	1496
tumor	4347
neighbor	4348
act	1497
industri	1498
skew	4645
effici	1499
generalization error	2960
surviv	946
denois	2961
polyphony	2962
brazilian	151
conclud	152
computer security	153
categor	1500
conclus	154
tripl	1231
robustness	2963
puls	155
ac	5078
ab	3826
ae	1501
ad	1502
af	3830
ai	1503
systems architecture	4350
accentu	3165
al	1504
ap	3835
health care	4351
ar	1505
au	1506
av	1507
googl	4352
tight	2964
self organizing map	3842
spatial	1508
granul	2965
genuin	1509
vocabulary	1510
genetic algorithm	156
vocabulari	1511
string kernel	992
mask	2966
mass	2967
adam	2968
foreign language	2969
cpp	1512
cpu	1513
urbana	2970
consider	4354
illustr	1514
reson	157
user experience design	158
unexplor	4336
plosiv	159
convnet	160
lcss	161
tv	2971
tt	2972
steganograph	2973
tail	1009
tm	1010
th	1012
ti	2974
tf	2975
smile	4355
td	2976
te	2977
tc	2978
norm	163
normalis	2979
candid	1516
strand	4356
unigram	4357
colleagu	164
adjust	4358
small	165
enterpris	1517
intelligibility	168
past	169
pass	170
suboptim	2980
situated	1518
computational learning theory	2981
clock	171
frequency domain	4360
voxforge	2983
delet	172
abbrevi	1520
succinct	4361
nonparametric statistics	4362
method	4363
contrast	1521
full	173
hash	174
inher	1041
sender	1522
prior	175
therapeut	2984
social	4364
action	1523
introductori	4365
depart	176
unbias	1524
synchronous learning	177
select	754
vlsi	178
empirical research	4366
automata	179
wccn	1525
mora	180
door	181
hundr	3939
compani	182
cach	5059
endpoint	2985
telephony	5312
mall	4368
learn	184
male	4370
prompt	1082
scan	2986
challeng	2987
registr	1526
accept	1527
huge	185
interconnect	1528
taiwanes	4371
lazy learning	186
voltag	1529
plant	4372
wiley	1530
variant	188
plane	4373
bioinformatics	189
varianc	190
circumst	1531
remote sensing	1532
imageri	1533
nvidia	2988
constitu	3982
spoofing attack	3983
trade	3989
bangla	193
user interface	2991
recip	1619
biomed	4375
magic	1535
authent	2992
graphical model	195
achiev	1536
reactiv	196
genom	2993
subnetwork	1537
genetic programming	4002
knowledge management	2994
monoton	4376
telegraphic speech	2995
procedur	197
reduct	2996
psychology	1538
gabor filter	4377
indexation	4378
occurr	198
polyphon	4379
highway	1539
proxi	1540
lifestyl	1542
weed	1543
unstress	4380
lingual	2998
w	1545
edge detection	199
key distribution in wireless sensor networks	4381
stage	1710
guess	3000
leverage	1187
exponenti	1547
dft	1188
semivowel	2769
dfe	201
molecular	312
relationship	1548
replic	652
dcnn	202
aam	3001
vocal	4382
reus	4383
arrang	3002
defect	3003
packag	203
equival	1549
self	1211
knowledge extraction	1550
analogy	1551
analogu	1552
uplink	3005
facial recognition system	4010
play	4093
nasal	4385
virus	205
plan	1554
convex optimization	206
cover	1555
web modeling	1556
abnorm	4386
microsoft	3006
markov random field	1557
filterbank	1558
affix	208
pretrain	209
session	1559
reput	1560
affin	210
impact	1561
colloc	212
ineffect	3009
kullback leibler divergence	3010
writer	3011
technic	214
speech disorder	4121
factor	1244
lombard	1247
mainten	4388
digital audio	216
synthet	1565
synthes	1566
acut	4134
singapor	4389
computer engineering	1567
crf	3012
bilingu	4390
respir	1568
crm	3014
set	1569
ser	1570
overwhelm	1571
tree	2843
sex	1572
see	1573
contour	3015
analog	217
tobi	3310
pickup	3016
anxieti	4870
particle filter	1574
signatur	1575
javascript	3018
estimation theory	3019
speech technology	1576
incident	3020
complementar	3021
markov decision process	218
bodi	5111
last	219
hyperlink	1577
retent	4392
topic model	1578
pdf	4393
whole	1579
pda	4394
load	4395
episod	4396
bell	220
schedul	4397
parametrization	2613
probability distribution	3025
computer animation	4399
devic	4400
geoffrey	221
decision tree learning	1313
novelty detection	3026
unambigu	222
tensorflow	4401
firm	1580
fire	1581
statistical learning theory	223
educ	4188
uncertain	3027
mle	4403
optical character recognition	3028
straight	3029
erron	3030
aforement	4235
durat	3032
mlp	4404
error	3033
earli	4654
voc	224
von	225
vot	226
vop	227
global positioning system	228
irrelev	4405
rasta	1884
data warehouse	2615
shorter	4406
decod	1583
euronounc	1365
anatom	1584
interspeech	4655
active learning	230
alert	1353
domain specificity	231
stack	4407
focal	1585
recent	1586
knn	232
eleg	3035
person	3036
expens	3037
academ	1367
ultrasound	672
learning sciences	4408
mathematics education	3313
trecvid	3039
multiword	1384
input	4409
transpar	4410
subfield	3041
intuit	3042
quest	4411
parameteris	235
formal	3043
cognitive radio	4259
sorting	3044
stylist	4412
spine	236
rehabilit	3045
systems engineering	4507
dempster	1590
spring	1403
electroencephalogram	1591
cmllr	4267
palm	3046
sight	4268
broadband	4413
novelty	239
knowledge representation and reasoning	1593
sgd	1594
recognit	4276
recognis	4414
novelti	240
recogniz	4416
machin	1595
be	1596
word	4525
bn	1597
agreement	4280
bu	1599
bp	1600
prerequisit	4417
bs	1601
online machine learning	1425
materi	4418
inhomogen	1602
repair	4420
colorado	3048
imitation	2659
contributor	241
non negative matrix factorization	4421
interactivity	1443
span	242
spam	243
textual	1604
custom	4422
suit	3049
state space	244
perplex	3050
poster	3051
retina	1605
decomposit	3052
link	1606
atom	4423
line	1607
mitig	3053
nervous system network models	245
uv	3054
us	3055
un	3056
uk	1470
phonat	4330
doa	3532
aerial	4331
metacognit	3057
parser	3058
independent component analysis	1608
chat	246
special case	4424
coder	1610
paradox	3060
codec	1611
stochastic process	247
lane	248
land	249
algorithm	250
electromagnet	1613
inaccuraci	3061
age	4425
discrimin	3062
train	251
oracle	4353
extensibility	3063
essay	1614
code	1615
partial	4426
deepwalk	1515
coda	1616
scratch	3064
keyword spotting	4427
landscap	4059
broader	252
constrained optimization	253
turkish	254
young	3065
sens	1617
street	2432
disast	3066
fisherfac	1618
tri	3067
amt	3038
recit	1620
electromagnetic articulography	3068
scalabl	5117
fewer	255
race	3069
sigmoid function	1621
sparse matrix	256
uem	1622
vehicl	1623
impli	3070
video	257
cumbersom	3082
icsi	4384
index	1624
multimedia	258
indian	4430
coreference	1562
white noise	3073
bird	1625
lee	1626
leg	1627
len	1628
let	1629
fifteen	259
great	3414
cdhmm	3074
technolog	1630
tree structure	3075
rdf	4431
survey	261
language education	3076
ctc	4432
opinion	4433
dyad	3077
maker	1587
calibr	3079
arpa	4878
emot	4434
disciplin	4435
honeypot	4120
causal	3080
test set	1632
doubl	1633
next	1603
eleven	262
doubt	1634
comparison	4660
freebas	263
software system	3081
non native pronunciations of english	1919
reproduct	1635
pour	4436
computer assisted translation	2358
drill	1636
scatter	264
paraphras	1637
weaker	1436
slim	3083
decision rule	1638
generative model	4437
crimin	4438
sampen	3084
malware	265
reuter	4446
delay	3085
estimator	1639
infeas	1640
cuda	2621
singular	4450
semantic search	4440
notebook	1641
covariance matrix	4441
tier	4442
mathematical optimization	3087
alloc	1642
essenti	4443
psychophys	4444
tf idf	1643
seriou	4445
counter	3089
robot	266
element	3090
unaccept	1662
allow	1644
movi	4084
interlocutor	3092
move	3093
evolutionari	268
perfect	269
decay	3095
chosen	1674
mispronounc	1645
infrastructur	3096
matrix decomposition	1646
therefor	3098
fingerprint recognition	1647
recept	3099
python	1648
overal	270
strateg	3100
speech error	271
facilit	2064
anyth	1649
medlin	1650
merge	1651
truth	1708
subset	3101
societi	4448
mobile search	3102
error detection and correction	1652
consum	3251
meta	3103
static	4449
pareto	273
shannon	274
variabl	3104
direct method	2625
matrix	275
rwth	1653
bad	4884
wer	318
lattic	276
matric	277
regulatori	3106
tempo	4452
data type	4453
shortest	3107
automatic image annotation	1654
sample size determination	4530
david	1655
length	279
enforc	1731
lexem	4454
outsid	4455
scarc	4456
respond	4789
manuscript	3109
scene	280
unobserv	3110
fatigu	4545
context model	1741
owner	1656
licens	4459
memristor	1657
termin	281
linear combination	3112
accompani	4460
multistag	3113
mixture distribution	283
classi	3088
data set	284
viterbi algorithm	3114
psycholog	285
viewer	4575
correspond	3071
katholiek	3115
speller	1658
optimis	3116
input output	4461
babel	3117
test of english as a foreign language	1659
accuraci	3118
discret	1660
discrep	1661
korean	3119
phenotyp	4462
thesauru	3091
aphas	286
fidel	3120
oracl	1663
data driven	1664
segment	1795
autoregress	1798
placement	287
bref	288
language model	4885
stronger	4463
face	3121
univari	3122
software portability	4464
dbm	3124
dbn	3125
viola jones object detection framework	1807
indispens	1666
tractabl	3127
rubric	289
semantic interpretation	1811
rough	4465
trivial	4466
seizur	4467
mmie	290
nois	3128
jaw	291
peer feedback	292
jan	293
gestur	294
jam	295
concept map	4468
anneal	3129
hope	1667
insight	267
scale invariant feature transform	1668
multidimensional scaling	4469
familiar	4470
autom	4471
piecewis	1669
speaker diarisation	4472
h	4473
swain	3094
nist	1670
pronoun	4429
spamming	3328
frame	297
packet	3130
particl	299
wire	4474
emotion classification	3341
nuclear	300
content analysis	4475
misus	4476
software deployment	301
email	1671
source code	302
database design	303
darpa	304
minimum bounding box	1672
detection theory	3131
pragmatics	3132
observable	3134
la	2363
drug	1673
etc	4477
streams	3135
ete	4478
eth	4479
ci	1675
control system	3136
cn	1677
cm	1678
cc	4653
ca	1679
cf	1680
ce	1681
cd	1682
minimum description length	1683
distil	1886
cs	1684
cr	1685
li	2367
cv	1686
uci	3137
ct	1688
coarticulatori	4481
trajectory	1689
obstacl	305
insuffici	1690
baum welch algorithm	4482
trajectori	1691
immedi	306
coherence	307
statistical model	3138
neighbour	4483
graphics	4484
parallel algorithm	2118
decad	3097
laser	1693
dataflow	4675
rbm	308
decept	4913
rbf	309
cvc	310
vc	3139
vi	3140
vm	1917
vq	3142
static routing	4687
archiv	4487
vt	3144
incom	3145
cohort	313
mutat	4488
referenti	1695
outbreak	3146
android	3147
competit	3148
ball	4696
columbia	4697
conditional random field	4700
expans	4489
upon	4490
mathematical model	4491
expand	4492
audit	314
eye tracking	2507
global optimization	3150
backpropagation	315
command	1697
audio	316
subgroup	3151
paus	4493
less	4494
learning theory	3152
concept search	317
paul	4495
demograph	1698
web	1959
bibliography	3153
numeral system	4496
priorit	4497
random field	1962
valid	3905
bibliographi	3155
crack	319
government	3156
piec	320
bayesian optimization	1699
interpretability	4732
visual perception	4733
recurr	1701
sparsiti	1702
resid	4499
finnish	3158
microblog	3159
suprasegment	4244
mhz	1703
resiz	4500
incent	321
captur	3160
interact	5364
elitist	4501
guarante	1704
vsm	3161
transport	1705
small set	322
avoid	1706
maximum a posteriori estimation	4245
data analysis	1707
schedule	4502
adversari	3162
dissert	324
r	2584
skelet	1709
sensor fusion	4769
training set	3164
label	826
test case	1711
software	2015
homogeneous	272
isl	3167
assess	3168
lung	3169
rectifi	3170
pitfal	3171
mere	4503
merg	4504
multivariate analysis	326
mixture model	1712
assumpt	129
sententi	4505
lidar	3172
frustration	4506
deliveri	1713
convergence	3173
sociocultur	4508
count	1714
veget	1715
library science	2047
bigram	328
novemb	3174
multi document summarization	1718
multivariate statistics	4509
ing	3175
inc	3176
linear discriminant analysis	329
lookup	3177
constructed language	4510
repeat	330
vein	2067
syllabu	331
rule	4511
syllabl	332
entropi	333
profici	334
vapnik	4512
deviat	335
matlab	4513
worth	336
aurora	337
distort	1719
chapel	4514
cmo	338
cmc	339
math	3799
standard deviation	3180
cmu	340
speci	3181
phonet	4516
consequ	341
codec2	1721
phonem	4517
chen	3182
supervis	342
mpeg	1722
calcul	1723
psvm	4518
topolog	3183
residual	343
locomot	3184
pursuit	1724
information technology	1725
loanword	4888
forens	3185
standalon	2374
sla	4892
short time fourier transform	344
smoke	1726
semantic memory	345
principle of maximum entropy	2136
newspap	4522
invas	3800
attitud	971
cslu	4906
total	2142
polytechn	4523
plot	346
gloss	3186
kinematics	4524
greedi	278
asynchronous communication	3187
inflect	3188
iv	2125
irvin	3189
erp	347
insignific	1727
restor	3190
worm	4526
group delay and phase delay	5256
wors	4527
era	348
language development	349
ern	2166
novic	4528
value noise	1728
impair	350
object detection	2175
unavail	4531
educational technology	1729
ordinari	1730
recoveri	351
interview	2195
verifi	3191
recogn	1732
chines	352
earlier	3192
mnist database	4533
hong	63
lab	4534
law	4963
demonstr	3193
domin	4536
greek	1734
green	1735
worst	2643
softwar	4457
diagnos	353
offici	4537
pascal	4538
incid	4539
uwb	4540
japan	3194
flexibl	4541
priming	354
blstm	355
offic	1736
least squares	4542
fragment	1737
false positive rate	357
break	4543
band	3195
bank	3196
tendenc	3197
predictive modelling	358
l	359
top down parsing	1738
classifier	1739
voxel	1740
ntimit	4546
lifter	3198
palat	3199
vandal	955
maxent	5068
morpholog	3200
daniel	361
forth	1742
forti	1743
barrier	362
standard	3201
reconfigur	4548
angl	1744
phonetic search technology	4549
mva	3202
regress	3203
subtl	363
benchmarking	4550
render	364
independ	4551
forum spam	365
metaverse	3204
thick	3205
dimensionality reduction	4552
vector space	1745
nomin	366
information science	4553
compromise	4554
rater	4555
john	367
sequence labeling	3206
digital image processing	66
toronto	4557
target	4558
provid	4559
rate	2647
kth	4560
minut	2304
multibiometr	368
provis	4561
manner	1746
diphon	2313
latency	4562
strength	1747
sound quality	4583
latter	3208
transmit	3209
anatomi	3210
germani	371
lexic	1748
nonlinear	4563
keystrok	372
voting	2338
notion	1749
virtual machine	3212
opposit	3213
brief	3941
identifi	2135
involv	4564
consolid	3214
latent	1751
language identification	2349
implementation	3215
latenc	1752
personality	3952
dn	1753
dl	1754
dm	1755
cryptography	3216
di	1756
de	1757
db	1758
da	1759
dt	1760
du	1761
dr	1762
ds	1763
dp	1764
emg	373
pearson	4565
ema	374
diabet	3217
collaborative filtering	375
system identification	741
emr	376
septemb	377
analytics	4566
transform coding	4567
imput	378
optimum	380
awar	381
3d pose estimation	3218
drawn	382
inton	4568
accord	1765
wc	3219
wb	3220
preprocessor	4569
disjunct	3458
ill	4570
image restoration	383
con	1766
negotiation	1767
anticipatori	384
tone	385
applianc	2406
excess	3222
permut	1768
polynomial	1769
guid	1770
telecommunications	2411
speak	4573
convolut	4574
subscrib	386
monologu	1771
synthetic data	388
smartwatch	1772
end user	3223
physician	1773
bayesian network	1774
ident	4576
gnu	2429
air	3224
texton	3225
pairwis	3226
aid	3227
voice	1776
cons	390
on the fly	3228
descent	4577
perform	3229
punctuation	1777
gaussian noise	1778
rain	5206
hand	391
fuse	392
nir	4578
information and communications technology	3230
undesir	393
scenario	1780
thu	1781
client	394
campu	1782
kinship	1783
medicin	1915
photo	3232
victim	4580
visualization	2489
pitch contour	395
voice onset time	1784
spread	1785
board	3233
distributional semantics	3234
rnn	3235
capt	1786
arab	1788
fusion	4581
vtln	1789
night	397
korea	2688
quadratic programming	1790
percentag	398
computeris	1791
affine transformation	4582
nonuniform	3237
plp	4584
marketing	4585
pose	3238
confer	3239
repositori	5266
peer	399
post	2549
computational auditory scene analysis	400
literatur	4586
horizon	4587
experimental data	401
confidence interval	2559
dilemma	1792
algorithmic learning theory	3241
profession	402
bound	3242
rendering	403
acoustic phonetics	1793
opportun	1794
anthropometr	404
ranking svm	1796
war	3244
lowest	4590
static web page	2384
encoder	1797
true	3246
absent	3247
maximum	405
hybrid algorithm	521
inaccur	406
absenc	3248
higher education	407
flat	1165
abstract	4592
eigenspac	1801
labeled data	3250
jone	1802
test	408
realiti	4593
grading	3560
fact	3123
concept	410
limsi	411
trigram	4142
supplement	412
emotion recognition	4594
hinton	1084
middl	4595
transduc	4596
graph	1806
audio visual speech recognition	413
rhythm	3252
brown	4597
congest	4598
grapheme	414
octob	3253
brows	4599
expert system	415
gui	416
p	1809
nonspeech	2666
upper	4602
scarciti	2671
psycholinguistics	417
htm	4604
htk	4605
local search	74
spectrograph	1810
perplexity	4606
appear	3254
scaffold	1812
uniform	3255
appeal	3256
defici	419
coeffici	420
satisfi	1813
interactive video	1814
teacher	421
domain knowledge	422
prosthesi	4608
trial	1815
montreal	4609
regardless	423
extra	424
auditory scene analysis	425
subjectivity	3257
marker	4610
mobil	1817
market	4611
atwv	4612
live	1818
data management	426
finit	5407
mobile telephony	427
clue	4613
feature learning	3258
logarithm	1820
graphic	3259
ibm	428
car	3261
prepar	429
cap	3262
focu	4614
machine learning	2728
cai	2730
cae	3264
cad	3265
heart	3266
practition	430
chip	431
local binary patterns	1822
topic	3267
weighting	432
spl	1823
spm	1824
spn	1825
cardin	4615
occup	433
redundancy	2742
multipl	434
lemma	4150
satisfact	296
economi	435
write	4616
criterion	1826
social semantic web	5426
product	436
coars	1399
southern	4617
annotation	4618
explicit	1827
wavelet transform	4620
academic achievement	3269
brain	437
tagger	1828
ieee	4621
dynam	438
ethic	1829
conjunct	3270
window	1830
factual	439
non	440
face recognition grand challenge	441
recal	1832
bay	4882
scaling	4622
user interface design	3271
aesthet	442
half	1833
hall	1834
introduct	444
critiqu	445
mapreduc	4623
facial motion capture	4624
drop	446
logistic regression	447
januari	3272
esophag	448
el	5470
domain	3273
en	1835
svhn	1836
citat	1837
replac	449
gaussian	1839
ec	1840
replay	2796
et	5473
ep	1842
es	1843
er	1844
accomplish	4626
space	1845
telephone network	4627
tracklet	1846
rational	3274
ironi	3275
divergence	451
argu	2810
cart	3277
card	3278
care	3279
british	3280
profess	3281
blind	452
eigenvalues and eigenvectors	1848
angular	4628
size	1849
silent	1850
breed	1851
silenc	1852
cumul	454
friend	1853
baldi	4630
cantones	1935
pittsburgh	456
video tracking	4631
thai	4632
semantics	4633
browser	3283
documentation	1936
slam	3284
deliv	3285
anger	1855
audio signal	457
engin	1856
satellit	458
contextual image classification	3286
motion capture	1857
price	3287
silhouett	1858
information system	1859
synthesi	459
mri	461
mrf	463
steadi	464
german	3289
concurr	4636
fletcher	4637
handwrit	1860
fifth	3291
ground	4197
ratio	1861
stain	465
data acquisition	5352
invariant	967
thermal	529
sonar	1863
telecommun	4641
intelligent agent	4642
burst	466
linear map	3294
sport	3295
concern	1864
loudspeaker	3296
neural gas	467
cardiovascular	468
artificial neural network	1865
curvelet	1866
nearbi	4643
mont	4165
inconsist	3298
embedding	3299
id3 algorithm	3300
overview	3301
exploit	469
damag	470
clarif	471
invert	149
invers	150
sequence learning	472
electroglottograph	473
neural coding	3302
textbook	2878
logogen model	474
thesi	3303
longitudin	1869
stereotyp	167
trick	3304
ein	3305
metric	475
henc	1870
time series	3825
management science	4646
bias	1871
automatic summarization	3306
inquiri	476
apraxia	4648
media	1872
medic	1873
microarray	3382
epoch	1874
speaker recognition	3358
document	2496
closest	3307
initialization	4649
someon	4650
electromyographi	4651
fruit	1875
hidden markov model	3308
pervas	477
cca	4652
taxi	3007
comment	2396
abund	3309
touch	1877
co	1676
ergod	479
versu	480
death	481
europ	482
bayesian statistics	1879
leed	2879
desktop	1880
identif	1881
spectral density	639
treatment	1882
versa	483
momentum	1883
ami	484
pso	3034
hypothesi	229
read	1885
amb	485
bayesian inference	3311
visem	3312
computer mediated communication	234
machine translation software usability	3314
benefit	4656
cascad	3315
output	486
encrypt	3249
verbal	487
matur	2153
information retrieval	1887
anomal	1888
landslid	3316
extreme learning machine	4659
characteris	489
waikato	743
cu	1687
nmt	1889
haar like features	3317
radial	533
nmf	1890
ontology	1891
wearable technology	490
src	3319
central	1892
collaborative learning	491
sre	3320
sri	3321
processor	4661
elementari	4662
open problem	3322
resampl	2809
explicit semantic analysis	4663
operator	1893
airlin	3105
on language	4664
log	3323
start	493
low	3324
lot	3325
submiss	4665
premis	282
breast cancer	1895
binary classification	494
oscil	3326
posterior	4666
satur	495
phrase structure rules	1896
fraud	496
stanford	3327
default	497
bucket	1897
sadness	3329
keyphras	4667
stochast	3330
scanner	4668
personalization	5358
mobile computing	1898
nerv	1899
decreas	498
antenna	1900
standard test image	499
caltech	3332
mathematics	1901
poor	500
polar	1902
drift	3333
multidimension	4671
polynomi	1903
peak	3334
pool	501
reduc	4672
deliber	1692
stochastic gradient descent	1904
inevit	502
qualitative research	503
skeleton	3335
month	504
correl	4673
decision boundary	3336
likelihood ratio test	505
acust	4674
mpe	1905
verb	1907
traffic classification	1908
emul	506
bovw	3338
cosin	507
dimens	508
cued speech	3339
skin	2158
sinusoid	3340
monolingu	510
casual	4676
bilinear	1911
vocabulary development	4677
density estimation	4279
color image	1912
shapelet	4678
coarticul	5359
learner	512
rgbd	513
consecut	4680
essenc	514
modular	4681
modgdf	515
depend	3569
strong	1913
modifi	3342
hccr	516
phonetic transcription	1914
amount	4683
trainer	4684
purchas	311
famili	3343
perceptron	3344
aggress	4685
injuri	1916
spectrogram	518
formul	3243
named entity	519
assessor	4686
site	3141
argumentation theory	3346
subspace topology	1694
histori	3347
vs	3143
audiovisu	523
hypercard	1920
mel frequency cepstrum	4688
thresholding	1921
templat	1922
unreli	1923
phrase	525
noise measurement	3348
spreadsheet	4689
snippet	4690
reject	526
fp	1924
fr	1925
fs	1926
ft	1927
threat	5363
iwslt	4691
optimization problem	527
fa	1928
fc	1929
fd	1930
fe	1931
undergradu	528
fl	1932
fm	1933
fo	1934
stabil	3349
workstation	3350
spectra	3351
egg	460
help	3352
reservoir	4692
hierarchy	3353
ffv	3354
fft	3355
wiener	3293
hierarchi	3356
taxonomi	4693
paramet	3357
anomaly detection	1937
finer	1939
kohonen	1940
food	1941
sentenc	4694
subtask	4695
aphasia	530
cer	531
foot	478
semi supervised learning	3359
case based reasoning	3360
radiat	532
end to end principle	3361
rule based system	3318
intervent	3362
massively parallel	3363
heavi	534
beyond	4698
event	4699
perceptu	3364
safeti	535
robert	1943
publish	3365
sustain	4701
asr	509
doppler	536
asv	2004
puf	1944
reason	3366
base	1945
put	517
earliest	2675
asm	520
basi	1946
veloc	537
caption	1947
american	538
heartbeat	4703
lifetim	4704
assign	3367
obviou	539
encoding	1948
noun phrase	4705
dijkstra s algorithm	3368
miss	4706
questionnair	4707
monocular	2162
metho	1950
station	540
scheme	3370
disagr	3373
schema	3371
basal	3379
bidirect	550
boredom	542
language industry	1952
consonant	543
context awareness	3372
std	4709
lexical analysis	3374
concept learning	4930
cache language model	3385
stt	4710
usability lab	544
bridg	555
orthograph	1953
consumpt	4711
toward	545
dtw	4712
colour	1696
word error rate	1954
electroencephalography	3392
electroencephalographi	3375
null	546
lid	4713
imagin	3376
correlation coefficient	1955
chromosom	3405
lip	580
useless	581
histolog	3377
application domain	3378
mixtur	548
alpha	4714
clear	4715
popularity	3380
soft computing	2164
tongu	549
latest	3381
writing assessment	3418
phenomenon	4447
copyright	4858
fundamental frequency	4717
voice over ip	3383
lexica	552
nativ	4718
ubiquitous computing	553
k nearest neighbors algorithm	554
neuromorph	1958
x	4719
schizophrenia	3384
mobile robot	4326
close	3445
particip	4721
content addressable memory	645
ranker	556
numer	3387
isol	4722
scalability	557
poorer	1960
distinguish	3389
active listening	559
psychometr	560
phishing	561
fast fourier transform	3154
header	4723
spotting	3390
neuro fuzzy	4724
linux	4725
batteri	1961
lattice	4726
box	775
imag	684
mturk	562
covariance	563
coordin	3393
liver	564
word lists by frequency	5315
gait analysis	565
fuzzy logic	3394
look	3395
canadian	4934
pace	566
smart	981
unsupervis	4935
loop	3396
pack	567
pragmat	3397
readi	3398
costli	2351
quadrat	569
recurrent neural network	4520
pedagog	3399
baseline	4727
grant	570
belong	1964
grand	571
ester	1965
radiolog	572
composition	573
conflict	3400
interpolation	1966
optic	1967
lie	574
optim	1968
metaheuristic	4728
user	1969
older	3401
speech enhancement	575
mllr	3402
putonghua	1970
realiz	5169
gsm	4729
chord	3403
vietnames	576
choru	3404
taiwan	4731
password	3157
predomin	1971
coarticulation	577
recurs	1700
anova	1972
informat	579
subsequ	1973
triaxial	4937
oversampling	547
march	1974
molecul	4734
game	3406
joint probability distribution	1975
marcu	1976
signal	1977
manifest	4735
valenc	4736
corpor	1978
popular	583
eeg	584
terminology	585
sketch	586
neumann	587
creation	1979
ivector	3407
bayesian programming	3408
wireless routing protocol	3409
very large scale integration	1980
minimax	3410
teaching method	3411
run	771
stem	3412
step	3413
viewpoints	590
subtract	4737
tracing	4738
background noise	3587
data model	4739
simulation	4740
silence	591
broadcasting	4374
slovak	4742
maximum likelihood	804
multipath propagation	298
statistics	4743
institut	592
frame rate	4744
carnegi	4745
newer	4746
russian	1982
dialog box	593
mvdr	2770
transmitt	4747
autocorrelation	1983
similar	595
tomographi	1984
repres	4748
incomplet	596
nab	4749
pronounc	839
titl	1985
appendic	4286
nap	4750
unidirect	3416
draw	4751
clean	4716
evas	1986
language and communication technologies	1987
william	4752
amplitud	1988
infrequ	3417
e	598
physics	551
svd	599
visual	1424
communicative competence	4753
distance measures	3419
depth	1989
tandem	3586
svr	600
gp	1990
ga	1991
go	1992
cognit	601
gi	1993
compact	602
feature detection	4754
phonological rule	3420
wizard	1994
friendli	603
subband	1995
aris	1996
treebank	1997
medical diagnosis	1998
wave	605
cognitive walkthrough	4756
color histogram	606
imbalanc	1999
cellular	3421
tonal	2000
gender	4758
button	4759
michael	607
connectionist	4760
population based incremental learning	2001
optical flow	4761
dcn	987
download	2002
click	2003
minimum redundancy feature selection	4763
cell	4764
experiment	2005
microcalcif	4765
hierarchical clustering	4766
becom	608
convert	609
convers	610
burstein	611
genr	3735
converg	612
chang	3422
gene	614
chanc	3423
nearest	786
boolean	4768
nijmegen	2006
cloud	2007
social media	2008
metaphor	920
computer network	921
implic	3424
camera	615
panel	2415
adequaci	3761
ecoc	616
mismatch	4770
retriev	4771
perceiv	3769
ridg	4772
psycholinguist	3425
word embedding	3426
meet	617
singular value decomposition	4773
information access	4945
superposit	2010
histopatholog	941
dictation	4774
georg	3428
group method of data handling	620
elus	3429
sonor	621
spelling	2012
encyclopedia	3811
agenda	2013
subtyp	2014
longest	4775
sigmoid	623
stepwis	3430
outer	3431
consensu	4777
pixel	2016
handl	3432
frontal	624
literaci	3433
tdnn	4947
front	978
shortest path problem	325
strengths and weaknesses	2018
literacy	3435
world wide web	4781
slide	625
magnitude	986
mode	2019
masteri	4782
network packet	626
information needs	3852
chunk	2020
bluetooth	627
combinatori	628
query by example	995
influenc	2021
discharg	629
may	3594
suitabl	630
hardwar	2022
incremental decision tree	2023
ecg	2024
watermark	3437
concept drift	3438
manipul	1004
data quality	631
transliter	2025
eigenface	3439
timet	632
unwant	4783
florida	4784
segreg	4785
counterpart	3440
stride	3441
geometri	4786
christoph	2026
qualiti	4787
cardiac	4293
forgeri	4788
disaggreg	2027
clickthrough	2028
wrapper	633
attach	2029
attack	2030
privaci	524
final	4790
prone	3443
ground truth	4791
fuzzi	2031
methodolog	4792
mean opinion score	2032
rst	3444
rss	3902
photograph	2033
bed	2034
bee	2035
ss	2895
structure from motion	4794
sensit	2341
exhibit	2036
rule induction	2037
sw	2897
tabl	4795
border	2038
q	4949
microphone	356
tactic	4796
tactil	4797
intraclass	3927
singl	4798
textur	4799
deploy	3447
galleri	637
discov	638
theoretical linguistics	2040
rigor	3448
awe	1063
stereo	4800
url	640
snapshot	3449
talk	3603
inter rater reliability	2041
constrain	641
apparatu	3450
hyperspectr	1074
indoor	1981
social network	3451
image warping	4801
homomorph	642
bayesian probability	3452
winner	4802
cognitive model	4803
dispers	2042
manufactur	4804
discontinu	643
idss	3959
michigan	4805
joint	4806
rnnlm	3962
sound recording and reproduction	3604
gray	3454
multiple choice	4807
enabl	4808
dpf	2044
gram	3455
contain	1098
dpm	2045
legaci	2046
smooth	1716
schwa	2048
terrain	3457
profiling	2049
equip	797
statu	4809
epilepsi	1435
tend	647
state	4810
wavelet	3459
masking	4811
tens	648
flickr	1115
multilay	3388
eclips	2053
thank	4955
career	4812
articulatori	649
harmonic	4813
stakehold	3460
controller	650
plausibl	651
ingredi	2054
novel	2055
interactive learning	4814
harder	4815
contextu	2056
glossari	4816
engag	2057
demo	3461
neuron	2058
revis	2059
scienc	653
parti	4049
speaker	654
sclerosi	1179
web development	4817
human computer interaction	2060
http	655
cross validation	1185
isca	2061
bootstrapping	4061
well	3462
weblog	656
distanc	657
spastic	3463
distant	658
skill	4818
drive	2925
densiti	659
restricted boltzmann machine	4819
munich	3464
burden	1212
loss	4091
lincoln	661
multicondit	662
data extraction	3465
necessari	663
martin	4821
computer graphics images	664
page	3466
the internet	3467
twitter	4822
phenomena	3468
vessel	3391
home	665
peter	3469
librari	666
canopy clustering algorithm	667
competitor	3471
overlay	668
broad	669
overlap	670
estim	1232
encourag	2063
journal	3472
usag	4824
nonverbal communication	4825
offset	4826
small number	3473
freedom	3474
tongue	3475
frequency modulation	2065
discretization	4827
washington	3476
diagon	4828
primat	192
museum	4829
themat	2066
inner	1269
holist	3477
artificial intelligence	2069
hz	1271
netherland	2070
north	674
triangular	675
ht	2071
gait	4147
neutral	3478
ho	2072
spuriou	3479
multispeak	3998
eas	3480
ear	3481
eat	3482
displac	679
asynchron	680
pm	2700
display	681
word sense disambiguation	682
atyp	4158
yoho	3483
regression analysis	2074
diego	3484
quot	4853
contest	4832
electromyograph	683
futur	4833
conting	805
star	685
long short term memory	4834
sphinx	1315
bci	3485
hnm	686
extran	4181
bcc	3486
portion	4835
decemb	4837
sign language	2075
demand	2076
asian	5449
modular design	4838
auc	687
accur	2077
preprocess	688
downstream	2078
dutch	4839
voic	690
govern	3487
affect	2079
brain mapping	1342
voip	691
naturalist	2080
vector	3526
aachen	3489
markov	692
maxout	693
discourse analysis	3490
illumin	694
domain adaptation	695
neg	1371
face hallucination	3492
transcrib	3493
net	2081
ner	2082
metadata	696
elimin	2083
centric	2084
associative property	3495
mel	697
template matching	4843
men	698
wearabl	4243
multi agent system	4844
interpret	2085
ajax	807
cbir	4845
credit	3497
knowledge based systems	2086
volunt	4847
campaign	4848
avenu	3498
instabl	4849
mammogram	3499
random subspace method	699
calt	4850
unpredict	1445
overhead	4851
recommend	2088
tell	1405
warp	3501
berlin	700
adult	3502
room	701
setup	3503
spec	3178
root	702
undirect	703
declar	4852
steganalysis	2703
thing	3618
boltzmann machine	3505
autonomi	704
competitive learning	2089
answer	4854
negoti	2090
confid	705
blacklist	4964
alzheim	4855
synchroni	706
attempt	3507
third	707
maintain	4856
vfr	2092
network security	3508
privileg	4857
keyboard	2093
better	4859
harmonics	2094
persist	3509
mobile device	709
motion analysis	4860
therapi	3510
promin	711
promis	712
interrat	713
radial basis function kernel	2201
grammat	4861
grammar	4862
localis	3511
image compression	3512
side	3513
false positive paradox	714
enorm	2095
extract	4863
coursewar	2096
gradient	3514
open	2911
internet privacy	4864
crucial	3515
content	4865
rewrit	715
reader	3516
quantifi	3517
linear	4866
anomaly based intrusion detection system	3518
verif	5190
situat	3519
ineffici	716
rprop	4515
usability inspection	1119
ist	2097
active shape model	2098
iphon	2099
loud	2100
grade	4867
bhattacharyya	2101
unlik	3520
robust	2705
aperiod	2102
massiv	2103
payload	2104
parametric statistics	3521
neuromuscular	3522
weighted majority algorithm	4868
malwar	717
resource management	718
query expansion	3523
peculiar	4057
symptom	4869
data collection	719
keyword	1564
princeton	2105
feature hashing	3524
database	2232
connectionism	4391
matter	2106
plagiar	3525
universal networking language	720
beginn	721
modern	3527
mind	4402
mine	3528
seed	3529
churn	4871
chest	1588
top down and bottom up design	2107
boltzmann	3530
regular	4419
tradit	2108
broadcast	4872
simplic	4873
entrain	4874
simplif	4875
alarm	3531
impostor	723
dog	3533
search engine	4876
constrict	724
structured prediction	725
visitor	2109
probe	726
speedup	3534
syntax	4428
neuromorphic engineering	2110
lstm	2111
pcfg	2112
explain	3535
hoars	1631
graph theory	4879
conduct	2434
stop	2113
dysarthr	2114
symmetr	3863
bar	4880
program evaluation	4881
connected speech	4519
bag	4883
gradient descent	2115
architecture	4451
linguist	2116
transliteration	3536
developmental linguistics	1665
invalu	2117
blind signal separation	3537
simplest	3538
attribut	3539
lazi	3540
image registration	727
und	3541
une	3542
uncertainti	728
epilept	3543
ontolog	3544
height	4498
exemplari	4886
shortcut	578
san	4310
multiplay	729
three	4887
specul	730
trigger	731
tini	732
deeper	733
mci	2119
suppress	3545
mce	2120
efficaci	3546
slt	4889
slu	4890
servic	734
slr	4891
near	2121
occas	3547
anchor	2123
user assistance	735
seven	736
ip	4638
ir	2124
image sensor	4893
ii	2126
im	2127
il	2128
apnea	1217
ic	2129
ie	2130
id	2131
context free grammar	3548
computer graphics	1733
pooling	4521
receiv	4894
make	3549
audio time scale pitch modification	2132
chatroom	2133
statistical classification	4556
stimuli	4897
qualit	737
weakli	738
stimulu	4898
diphthong	739
programm	740
paradigm	4899
left	4900
protocol	3550
sentence	4901
nowaday	3551
bandwidth	2137
human	3552
graph kernel	742
languag	3553
character	4571
speech corpus	3554
save	744
reuse	3555
coron	2138
supervisori	745
part of speech	3556
background	4902
elabor	4903
embodied cognition	3557
standardization	4904
negat	671
unnecessari	3558
www	2139
deal	746
interv	4589
disord	2140
deaf	747
maxim	748
intern	3559
statistic	4907
heritag	2141
eer	582
elderli	749
insensit	750
cognitive psychology	4908
tracker	2143
parameterized complexity	4601
emerging technologies	4603
idiomat	4909
sift	4910
promot	2144
super	4911
simul	4912
commit	4914
telephon	2145
parsing	4915
aibo	2146
imit	4916
editor	752
fraction	753
dynamic bayesian network	2147
psychoacoustics	1854
forc	2148
retarget	755
surveil	2149
bengali	756
analyst	757
bandwidth extension	3561
blended learning	1862
word order	4918
unrel	2150
iqa	3562
classif	1867
featur	3563
classic	1868
covert	4919
diagnosi	4920
backoff	4921
diagnost	4922
glanc	3564
network architecture	4923
viseme	2151
excel	1876
newswir	2152
unlimit	758
monosyllab	759
neuroscience	5274
billion	2154
femal	3565
furthermor	4924
face detection	3566
cloud computing	2155
semisupervis	589
pseudo	760
experiential learning	4925
fss	4670
teeth	3567
daili	4926
pedestrian detection	2156
invent	2157
mild	4927
plda	761
unconstrain	1909
morphology	1910
language pedagogy	3568
hierarch	762
microblogging	4682
show	3630
intermedi	4917
inerti	763
syllabification	764
sociolog	765
string	2159
asymptot	3570
pathologist	2160
join	3571
example based machine translation	3572
die	1942
qoe	766
iter	3573
magnet	2161
item	3574
multilabel	3575
semantic compression	767
section	1519
round	768
linear prediction	1949
maximization	4929
speech processing	769
talker	770
corner	3631
biometrics	2163
filler	772
favour	4931
suspect	773
template	2165
web 2 0	3577
xml	1461
deriv	3578
french	4932
noisy text analytics	774
software development	2167
microphone array	3579
shift	3580
external data representation	776
bot	777
bow	778
multicast	3582
extrem	779
bob	780
transact	124
bof	781
elect	3583
feature engineering	4936
modul	2168
computer program	782
planck	2169
wealth	3584
univers	3585
visit	783
metabolom	2170
curriculum	2171
oov	2172
rigid	2173
indic	4529
examin	4938
effort	2174
applied linguistics	4939
human computer information retrieval	784
uniqu	4940
imper	785
fli	4941
claim	4942
predict	4943
agent	4944
viterbi decoder	3871
council	3589
agenc	2011
random forest	2177
learning vector quantization	3590
regularization	2178
tilt	2179
image resolution	2931
straggler	3633
computer vision	4778
pure	2180
tile	2181
social psychology	3591
pathway	2182
map	3592
mar	3593
dialog	4097
snn	787
max	3595
usabl	2183
intrus	4948
membership	788
snr	789
snp	790
lpcc	3598
grow	2184
man	3599
noun	791
neck	3600
johnson	3601
fluent	2185
switch	4950
block	4741
african	4951
gesture	2186
lsf	792
lsb	793
constant false alarm rate	4952
lsa	794
gradual	4953
lsi	795
stability	2187
graduat	4954
lyric	3605
lsp	796
pitch	3606
autoregressive model	3607
pointer	2188
entiti	2189
reinforc	2190
nettalk	2191
monitor	798
highband	5199
polici	1546
interesting	799
mail	4956
tonic	2192
finance	2193
financi	2194
initi	2062
information privacy	3608
workload	800
cognition	2196
massachusett	801
cett	4957
bridging	802
zurich	4830
parallel processing	2197
time frequency analysis	4958
feature extraction	4959
continu	803
baselin	3612
canada	3613
multilingualism	806
sensor	3614
correct	4960
diseas	4841
quran	3615
clustering high dimensional data	4961
orl	3616
california	4962
cough	3617
sejnowski	2199
frequenc	808
change detection	2200
think	3619
frequent	809
performance metric	3620
acquisit	3621
long	1227
averag	4535
deciph	3622
proposit	3623
microarray analysis techniques	2934
itemset	3624
interrel	3625
keypoint	4877
educational research	4965
surrog	810
speech analytics	811
named entity recognition	4966
knowledge base	3626
factored language model	4967
squar	4895
advic	4968
hyperparameter	2203
consortium	3627
wiener filter	812
adaptive control	813
channel	4969
incoher	814
pain	2204
phonotactics	815
trace	4971
normal	4972
track	4973
correlation	5200
libsvm	4974
gyroscop	4975
aloud	3875
beta	817
tract	4976
pair	2205
synonym	818
praat	819
minibatch	2206
shop	3628
multilingu	2207
lexicon	4977
shot	3629
cornel	4928
rhetor	820
therapist	4978
sargable	821
threshold	822
composit	3876
markov chain	2208
contemporari	2209
parametr	823
black	2210
cepstral	4979
undersampling	3632
ranking	4980
data modeling	4946
hungarian	2211
kinemat	4981
secondari	3634
data pre processing	4982
median	4983
yield	4984
mediat	2198
summari	2212
wiki	2213
kernel	2214
autocorrel	4985
unweight	2202
seam	824
teager	3635
infinit	4970
parent	4987
autotutor	3636
innov	825
sequential minimal optimization	3637
forecast	4986
enough	827
reading	2216
foreword	2217
combinatorial optimization	4335
rhetorical question	594
intersess	828
jfa	3639
syllabic verse	4988
audienc	4989
improv	829
acceler	4990
cancer	2218
audiology	1787
cancel	2219
motion detection	5005
ultim	830
encryption	4991
cqa	3640
conceptualization	3641
mari	4992
mark	4993
workshop	3642
metaheurist	2238
articulated body pose estimation	3643
suscept	3644
bayesian	4994
lectur	3415
sound	831
interoper	3678
kappa	832
nonstationari	833
outcom	2252
coco	834
margin	2220
planar	3645
advantag	835
forward algorithm	836
destin	2221
cluster	4995
protein	5032
everyday	4996
wordnet	3646
par	5404
doctor	4997
control engineering	2222
authentication	2223
speech	3647
facial expression	2224
pal	4998
exhaust	4999
safe	2225
web search engine	5000
assist	837
companion	838
discriminative model	3648
appropri	2226
macro	78
markup	5001
vertebra	3649
region of interest	5048
workplac	840
object model	841
outdoor	5055
execut	3650
multiplex	3652
aspect	5002
monaur	3653
inductive transfer	2720
structured support vector machine	2309
temperatur	5003
grid	3655
tubingen	3656
server	3657
nose	2227
database transaction	5004
drosophila	3658
smartphon	4544
adequ	2228
language proficiency	843
vector space model	844
gross	2229
confirm	3659
overcomplet	2807
inject	2230
random variable	2231
palmprint	845
asynchroni	2233
hcrf	3660
euclidean distance	5006
island	2235
feature selection	2236
road	5007
terminolog	5008
brown clustering	2371
spline	3663
complianc	5009
jigsaw	3664
monte carlo method	5010
digital library	3970
labelling	848
text segmentation	2237
cooperative learning	2381
conceptual clustering	3665
svm	597
cryptograph	2386
unusu	5011
exemplar	3666
embed	3667
citation	3668
deep	3669
examine	850
confusion matrix	2239
file	3670
cultur	3671
proport	3672
digital signal processing	2234
film	3673
fill	3674
formant	3675
personnel	3676
hybrid	2404
field	2240
architectur	851
condens	852
sequenc	853
vertex	2241
network	4547
descript	854
unseg	5012
u	855
supervised learning	2242
oral	3677
represent	2243
forget	5013
phonolog	1799
cellular network	2245
vilt	3679
semest	3680
children	5014
straightforward	5015
fals	2246
offlin	5016
util	5017
fall	2247
bottleneck	2248
wsd	2464
wsj	2466
wsn	5018
apprais	2250
neighborhood	5019
trainabl	5020
zero	856
perception	3681
cascading classifiers	3682
autoencod	3683
excit	2251
abc	5021
microphon	5022
marathi	3684
hurdl	857
public	3685
unlabel	858
movement	3869
sliding window protocol	3686
variat	3687
sophist	2253
karlsruh	2254
adaptive system	5024
motor control	859
search	2255
field programmable gate array	673
narrow	2256
pathological	2257
quotient	2258
declin	3688
curat	2505
primit	5460
transit	2259
link state routing protocol	5235
inappropri	3689
triphone	2260
establish	2261
speech translation	2262
eye	3690
distinct	5026
regist	5027
diamond	2524
desir	860
correlation clustering	5028
document processing	2263
neurosci	2265
dictat	3691
none	2540
hour	862
hous	5260
recall	5262
der	2268
alaryng	604
paragraph	3692
del	2269
dem	2545
atari	5029
instantan	3693
share	5030
cation	864
sphere	3695
minimum	865
attain	3696
explor	866
explos	867
sharp	5031
extrins	868
multispectr	2560
comfort	869
csp	5034
csr	5035
faculti	2271
naive bayes classifier	3697
learning automata	2573
blood	2272
associ	2273
adaptive multi rate audio codec	5036
dragon	870
spheric	3698
ensembl	871
facebook	4757
preposit	5037
infant	5038
rotat	872
hypertext	2274
unimod	2275
radar	3700
suffer	3701
handheld	2276
late	2277
penn	2278
pca	873
good	2606
inria	3703
compound	874
oxford	3704
learning to rank	2279
micro	875
token	2280
evaluation of machine translation	876
orthogonal frequency division multiplexing	3705
subsystem	5039
harm	3706
mental	5040
unequ	5329
timelin	5331
idea	2281
connect	5041
energi	3708
orient	5335
admiss	2282
print	3709
difficulti	5196
gammaton	3711
senon	3712
suspici	5042
mmi	878
algorithm design	2283
workstat	879
network performance	880
perturb	5043
exchang	881
stabl	883
iarpa	884
unrestrict	3713
least	3714
paint	2286
statement	2674
twenti	2287
park	3715
selector	2288
pars	3716
exposur	885
b	2289
contrari	5044
cyclic	886
horizont	5046
discrete mathematics	2290
triphon	3717
fixat	3718
urban	3889
sensorimotor	3719
linear predictive coding	2291
fading	5047
commentari	2292
onset	2293
complex systems	5049
build	5050
data classification	887
distribut	3720
previou	5051
chart	889
prolifer	5052
charl	890
interaur	891
adaptive algorithm	2294
valencia	1894
kl	2295
kw	2296
theano	892
clinician	893
iterative reconstruction	894
sector	3721
commerc	5054
nodul	2297
fine	2729
multichannel	5057
firewal	3722
big data	3723
decision support system	5058
obstruent	3724
touchscreen	2298
notation	2299
express	895
breast	3386
intellimetr	896
commod	5434
automatiqu	2300
decompos	2755
glottal	5060
autoassoci	3725
atla	898
expert	899
misalign	3726
someth	5061
debat	5447
smallest	5062
myriad	2301
multiparti	2302
altern	5063
appreci	2768
complement	3727
binaur	2303
complementari	3728
embedded system	3207
popul	3729
home automation	900
subtitl	5065
dysarthria	5066
annual	5067
foreign	901
dietari	5069
instanti	3730
reinforcement learning	5070
levantin	5071
suppli	2305
backend	902
robot control	2306
smote	903
finite state machine	904
laplacian	5072
secret	2308
instance based learning	5073
kalman	3731
ecosystem	2419
gan	5476
understand	2310
repetit	5074
solid	5075
probabilistic classification	3733
unifi	2311
scale space segmentation	3734
anonym	905
time domain	906
language arts	369
propag	907
centr	2312
centuri	3611
minutia	5076
benign	3737
itali	5077
multicor	3738
monophon	2314
development	909
poselet	3739
timit	3740
moment	2316
hyperparamet	613
travers	910
task	911
pattern recognition	3741
entri	5079
chemistri	2317
landmark	2318
tast	912
ldc	3742
lda	3743
multiclass classification	2320
shape	913
cut	914
cup	915
danger	4767
kinect	916
neuroevolut	5080
cue	54
persuas	2861
app	1241
bin	2863
big	861
adaptive neuro fuzzy inference system	3744
bic	5081
bia	5082
judgement	3745
bit	5083
peripher	3746
stranger	4340
semi	3748
similarity measure	5084
princip	5085
background subtraction	3749
often	5086
adaptive filter	5087
back	2321
histogram of oriented gradients	3750
strongest	5088
mirror	3751
ofdm	5152
scale	5089
pet	2323
per	2324
pen	2325
mathemat	5090
larg	3752
reproduc	2326
patient	3753
knowledge transfer	2327
approximation algorithm	3754
biomark	2889
readability	3755
constraint	3756
drama	5091
disclosur	5092
pertin	3757
bankruptci	5093
phase	3859
lesson	3758
nss	3759
inclus	2328
mkl	2329
agricultur	922
pronunciation	5094
handbook	5095
includ	2330
forward	2331
eigenvoic	5096
sdr	5097
semantic similarity	2332
alternating decision tree	2333
translat	2215
switchboard	923
effective method	2334
concaten	924
dynamic programming	5099
clips	5100
resampling	3760
remaind	2417
curv	926
electronic engineering	927
constant	3901
curs	928
utilis	929
fluenci	5101
engineering	2335
fluency	5102
constitut	2957
sequenti	5103
priori	3763
asymmetr	3764
benchmark	2009
binar	931
lens	5104
computational complexity theory	2336
fisher	2337
phonation	2339
gabor wavelet	932
tradeoff	5105
resynthesi	147
heuristics	1750
queri	2340
literari	933
privat	5106
clickstream	3765
vietnamese	934
voice activity detection	3766
granular	2342
atlas	5107
maryland	183
passiv	2343
rhyme	187
mous	5108
volum	2344
vlr	3767
scripting language	3768
geograph	5139
k svd	935
instantaneous phase	2999
visualis	936
crop	2345
information processing	1246
leakag	5109
carlo	204
resembl	937
access	211
microprocessor	938
image quality	5110
impuls	2346
ant colony optimization algorithms	3770
distributed computing	2347
fuzzy set	3771
language disorder	3772
closur	3211
sink	3023
sing	2539
vertic	5112
implicit	3773
remark	2348
blizzard	233
foundat	3775
posteriorgram	2352
entity linking	2353
limb	5113
multitask	5114
selection algorithm	5115
parallel computing	618
chi	939
seamless	2354
websit	940
imprecis	5116
trait	3776
handcraft	3777
transient	3778
iii	3779
account	3780
f	3781
statistical hypothesis testing	5118
cambridg	2355
steganographi	5119
probabilistic logic	3072
rehabilitation	260
audio mining	2356
employe	3078
speech recognition	2357
semantic web	5120
cognitive science	3782
onlin	942
surfac	3086
gci	5121
forest	3783
stock	5122
redund	2359
philosophi	3111
physic	3784
wireless sensor network	3785
bayes theorem	3786
codebook	3787
imagenet	5123
lingua	3788
imperson	3789
meter	2360
narr	619
lf	2361
le	2362
lc	3133
use case	3791
youtub	2364
lm	2365
compressed sensing	2366
labor	5124
lt	2368
lr	2369
lp	2370
preval	5125
dae	5126
greater	3792
dan	5127
spell	3793
mention	3149
market segmentation	945
day	5128
spectral clustering	947
spatial analysis	3794
bayes classifier	3795
identifier	5129
intellig	3796
lfw	5130
fluctuat	3797
disentangl	948
temporal annotation	949
posteriori	3798
rel	2372
defens	3179
red	2373
insid	951
workflow	952
interpersonal communication	5131
que	953
releas	5132
likelihood	2375
afterward	3801
dirichlet	2376
midi	5133
retail	2377
south	5134
suffix	954
crowdsourc	1251
facil	2378
messag	1831
variable order bayesian network	3802
ogi	2379
roadmap	3908
prune	5137
morph	956
embodi	5138
bitrat	2380
charact	379
transducer	957
amplitude	3803
fraudul	3804
rough set	3805
robot learning	1035
immigr	3806
throat	958
mil	3807
min	3808
mid	3809
mix	3810
mir	3812
mit	3813
preliminari	5140
dialog system	959
transcript	2382
payment	960
sfa	961
homogen	2383
usability engineering	3245
gather	5141
request	3814
proteom	5142
bounded function	409
text	5143
knowledge integration	962
motor theory of speech perception	2385
empir	963
portfolio	5144
texa	5145
staff	3815
ksr	5146
approximation error	3816
learnabl	5147
rgb color model	5148
ambiguity	2387
inferior	3817
expectation maximization algorithm	3818
beat	5149
arrhythmia	964
bear	5150
beam	5151
increas	2388
organ	2389
integr	3819
conform	2390
transfer of learning	3820
fmllr	2391
game design	2392
backchannel	2393
turku	5153
reform	965
pattern	462
boundari	966
progress	2935
thumbnail	3821
intrusion detection system	3822
patholog	3823
linguistics	2745
hypergraph	4776
technical report	3824
instant	2394
equal	968
instanc	2395
equat	969
venu	5154
multi label classification	2397
image segmentation	5155
guidelin	5156
data science	970
word recognition	3827
web navigation	3828
gradat	3829
anomali	972
gaze	3831
teamwork	973
electr	3832
eigenvector	4349
upcom	3331
bulk	3833
determinist	3337
multi	3834
plain	5157
rectangular	5158
defin	2398
tokenization	5159
handwriting	5160
chaotic	3836
multilayer perceptron	3345
substanti	2399
partner	974
arabic	2400
tracheoesophag	3837
facet	5227
japanes	975
auto	2017
infer	3839
iot	5453
judgment	3369
center	2401
neural	976
nevertheless	977
viterbi	2402
versatil	5162
thought	5163
interpol	5164
markov model	3221
usual	2752
manner of articulation	2403
mean squared error	4780
clinic	5165
testbed	2405
systemat	3840
linguistic description	558
gmm	979
locality sensitive hashing	5166
object class detection	980
match	3841
data structure	982
immens	3843
cntk	5167
deep belief network	983
punctuat	5168
testb	2407
realis	4486
insert	2408
like	984
unintellig	5170
soft	5171
italian	3844
wider	4572
convey	5172
convex	5173
proper	3845
mid vowel	3846
est	2410
dysphonia	985
esa	2412
esl	2413
softmax	1261
knowledge engineering	5174
noise	5175
slight	2414
dcf	988
noisi	5176
host	5177
dct	989
simpler	4078
actual	3847
justif	990
lifecycl	3848
discard	5178
certainti	3849
predictor	2416
dataset	3434
chronic	5179
mobile phone	3850
adni	5180
leverag	991
biometr	2068
pictur	993
fuzzy control system	5181
dynamical systems theory	3851
nonparametr	3436
biggest	3853
signal to noise ratio	2418
unexpect	3854
bug	3453
wish	3456
j	5182
bandpass	3855
whisper	994
handset	5183
pie	5184
autism	3856
probabl	2420
application software	2422
guidanc	996
virtual	2423
open research	3857
ubm	997
maximum entropy markov model	5185
pupil	2424
sleep	5186
computational geometry	998
tweet	2425
web service	2244
concret	5187
mwe	5188
natural language	999
risk	3504
rise	5189
quantif	2426
quantiz	2427
document clustering	3858
arous	1803
quantit	2428
school	1000
phonebook	2430
transduct	2431
decoding methods	3860
unsupervised learning	3861
naiv	1001
opensmil	1779
isomap	3862
aim	2433
linear subspace	1002
blur	1003
abrupt	1775
dereverber	2435
slfn	2436
asymmetri	2437
subtre	2438
studio	2439
subword	3864
path	2440
enrol	3865
forum	3866
precis	3867
web mining	1005
fourier	3868
spacetime	2441
portabl	1006
tremend	1007
association rule learning	5192
query optimization	5193
describ	5194
norb	162
prescript	1008
asset	5195
spike	1011
breathi	2442
phone	5197
me	1906
md	2443
mf	2444
ma	2445
multinomi	2446
mc	2447
mm	2448
ml	2449
mo	3576
mi	2450
mt	2451
introduc	1013
ms	2452
mr	2453
proper noun	522
captcha	1014
cognitive style	5198
scheduling	3588
attract	1015
tediou	5231
end	3597
midsagitt	2454
concis	3872
gate	3609
widespread	3610
dialect	1016
mesh	2456
parallel	1017
k medians clustering	3873
bootstrap	2457
learning object	2458
environ	2459
incorpor	3874
recursion	2498
exclus	816
web query classification	5201
frontend	2460
deform	1018
rule based machine translation	5202
jpeg	3877
dijkstra	1019
london	3878
cortic	5203
dynamic perfect hashing	2461
unpreced	3638
fade	2462
comprehens	2463
multidisciplinari	1020
uncorrel	3442
interdisciplinari	842
least squares support vector machine	3651
choic	3654
mcmc	3879
unnatur	2465
image texture	846
prohibit	3662
object language	3880
depress	3881
bhattacharyya distance	5204
fuzzy clustering	1021
gop	2467
arizona	1175
worthwhil	3882
free	5205
cure data clustering algorithm	3883
boosting	1022
front and back ends	2468
brain computer interface	2469
correctness	863
substructur	2470
filter	1023
distributed algorithm	3699
coding	2471
rank	3884
necess	1024
restrict	3885
primari	1025
toy	3886
tor	3887
sarcasm	1026
top	3888
salienc	4836
text mining	2472
image fusion	1027
consol	5207
conson	5208
western	2473
conserv	3890
hierarchical database model	1028
neurophysiolog	1029
gabor	5209
learning classifier system	3891
human visual system model	3892
hypothes	4579
lbp	2474
fashion	2475
raw	5210
rap	5211
speech production	2476
ray	5212
snow	3893
thorough	1030
contact	3231
natural language processing	5213
thoma	3894
resource allocation	2477
beamform	3895
image retrieval	3896
insur	3897
plenti	918
bss	3898
carcinoma	2478
hyperparameter optimization	2479
richard	4359
precision and recall	3899
partition	3762
flow	2480
reputation	930
false alarm	5023
k shortest path routing	1032
tissu	634
synapt	5214
synaps	5215
random	2481
radio	3900
carotid	1173
earth	5216
mrmr	5217
absolut	1033
spite	1034
gesture recognition	5218
configur	3774
salience	2482
ocr	5219
amazon	5454
report	3903
reconstruct	3790
toolbox	944
incept	3904
multisensor	2483
question answering	5220
stock market	4143
educational data mining	3906
security token	2484
test data	5221
habit	3907
blend	1957
mammograph	2485
resist	2486
corrupt	3909
expertis	5222
tensor	2487
databas	5223
anfi	5224
discoveri	1036
lvcsr	3910
outstand	5225
finger	1037
handwritten	2488
confusion	2490
weak	3911
laryng	3912
drowsi	1038
larynx	3913
news	1039
protect	2491
acoust	2492
irregular	3914
fault	1040
ventricular	3838
interfer	1050
comprehension	5228
trust	3915
nonsens	5229
accumul	2493
margin classifier	5230
eigenfac	2494
n	1043
lesser	2495
pyramid	3916
cohes	2758
usable	396
acoustiqu	3917
pathology	1044
inventori	2497
suggest	3918
drawback	1045
complet	2499
minimum mean square error	2500
portal	3919
normalization	3920
test validity	1046
query language	1047
greatest	2501
mother	3921
probabilistic neural network	2502
everyth	2503
search engine indexing	2504
laptop	5232
grader	1048
speechdat	1049
corpus linguistics	5233
elm	3923
brigham	207
bpnn	3924
evolutionary computation	1042
expon	1051
explanatori	5234
elt	3925
motion planning	2506
authorship	3926
datacent	2039
rumor	1052
arbitrari	3928
sandhi	1053
unstabl	5236
avatar	1054
excerpt	1055
viz	4415
indirect	2508
phonotact	3937
ici	2509
cooper	2510
binaural recording	3929
ica	2511
memor	5025
cnn	5237
ict	2512
core	2513
hsi	1056
subspac	2514
hsr	1080
constructivist	1057
alexand	1058
occlus	1059
disjoint sets	1060
festiv	2516
occlud	1090
audio signal processing	5238
untrain	5239
constructivism	1061
produc	2517
modalities	1062
encod	5240
storag	3930
categorization	2518
frustrat	3931
hypermedia	5241
transform	1102
relu	2519
verbmobil	1064
anderson	5242
synthesis	5243
head	2521
medium	2522
wireless	3932
frgc	1066
hear	2523
gradient boosting	3236
information and computer science	5244
corrective feedback	5245
fundament	3933
forearm	3934
trie	5247
parser combinator	5248
hamm	3935
check	4000
nh	2525
nk	2526
second language acquisition	3938
nn	2528
nb	2529
tip	5250
ne	2530
ng	2531
np	2532
tie	5251
nr	2533
ns	4013
node	3940
benefici	5252
eigenvalu	1068
consid	1069
sql	3942
younger	5253
faster	1146
nucleu	1070
information integration	2535
prior probability	2536
nuclei	1071
backward	2537
coach	3943
access control	3944
celebr	1072
focus	3945
computation	5254
internet traffic	3946
row	1073
social relation	2538
proxim	5255
readabl	3947
text processing	3948
environment	3949
melod	5257
multilinear	3950
callhom	1075
sourc	3951
psqm	2266
unfamiliar	1076
feasibl	5258
artwork	5259
polysyllab	2541
multinomial distribution	1182
shortcom	5261
nonn	2267
quick	5263
slower	5264
gaussian process	1077
trend	1190
cyber	3953
pmc	2350
port	1194
software maintenance	2543
spectral	2544
unobtrus	1078
document classification	2546
water	5265
entertain	1079
noninvas	1081
thirti	2547
healthi	3954
semant	2548
convolution	3955
polynomial kernel	5267
visibl	1221
volumetr	5268
memori	5269
msr	2550
speech synthesis	1083
percept	3956
criteria	2551
evolutionary algorithm	4102
msd	2552
msa	2553
chapter	1086
capit	3957
emiss	131
language production	1087
prototyp	5271
judg	3958
inadequ	2554
laughter	2555
usability	1088
stream	5273
stroke	2556
surround	2515
swedish	2557
differenti	4190
detector	3446
vital	1091
anyon	3961
fourth	1092
british english	644
cocktail	5275
clone	5276
fiduci	3240
csi	5033
classroom	5277
liquid	4387
secur	2270
predic	3963
preced	1093
combin	2561
acceleromet	1094
extractor	3964
microscop	3965
software agent	2562
passag	2563
vtn	1286
platform	1095
learning rule	3967
pattern matching	1300
name	3968
realist	2564
advent	5279
cerebr	5280
submodular	2565
multiobject	1096
band pass filter	5281
software bug	2566
realism	2567
linear programming	1314
profit	2568
infrar	1323
cognitive neuroscience of visual object recognition	2569
profil	2570
inadequaci	3969
factori	5282
migrat	1097
hull	5283
string searching algorithm	2571
theori	2572
inductive bias	5284
synchron	2574
dialog act	2575
motion	5285
turn	1099
place	3971
bag of words model in computer vision	2576
ture	1101
imposs	2578
origin	2579
suspens	5286
array	3972
predefin	4222
given	3973
softmax function	1065
plastic	5287
adject	1103
circl	2581
white	5288
hub	2582
season	5289
copi	3974
specifi	4174
online algorithm	1104
computer aided	2583
wide	5290
miscu	5291
ubiqu	1105
computer	1106
n gram	2585
seri	3977
pre	2586
generality	5292
ann	5346
discrete cosine transform	2050
generalization	4730
ant	2588
game mechanics	4250
transcription	4256
ideal	3978
animation	1107
exploratori	2589
paraphrase	5293
surf	1108
surg	1109
semantic web stack	1110
clearer	3979
fric	2590
icon	1111
music information retrieval	5294
system testing	5295
later	1409
quantiti	5296
cortex	4270
textual entailment	1112
babbl	5297
slope	5298
nlp	3981
cheap	1113
sketch recognition	2989
recombin	4277
permiss	2592
mexican	1534
nlo	3984
interperson	3985
written	2051
shimmer	5299
crime	2593
multiscal	4285
analyz	3986
analyt	3987
analys	3988
hyperspectral imaging	1114
viewpoint	5300
retin	5301
sss	5302
ssl	5303
tailor	2594
distortion	2990
computational intelligence	3990
reveal	3991
outperform	1116
dramat	3992
intrins	1117
bag of words model	1441
irrespect	1118
training system	1454
labori	2595
detect	2596
categorical variable	5304
review	5305
mtl	4591
social network analysis	1469
common spatial pattern	1120
cycl	2597
reaction	5306
repertoir	5307
data visualization	3993
prosod	4334
region	2598
quiet	1121
contract	1122
reverberation	5308
utterance	5309
jitter	3994
color	2599
inspir	1123
period	1489
sampling	2601
colon	2602
poi	3995
endeavor	3996
coloni	3997
coupl	2603
deconvolut	1124
kernel fisher discriminant analysis	194
filter bank	2604
region growing	1125
tamil	2605
spirit	1126
pilot	1127
casa	1128
telephoni	5310
stochastic neural network	1129
mispronunci	5311
unsatisfactori	4367
clutter	4369
pruning	2607
author	1130
obfusc	5313
alphabet	2608
numerical digit	3999
trip	5249
html	4001
week	1131
assembl	3936
persona	4003
first language	1132
nest	4004
confidenti	4005
driver	5316
web server	1541
visual word	1133
driven	5317
vowel	4006
footprint	4007
nl	2527
cartoon	4008
moder	2610
pennsylvania	4009
relief	1134
model	2611
reward	4011
undersampl	4193
polish	1135
univariate	1136
feedforward	5318
heuristic	2612
task analysis	1137
hint	5319
except	4398
blog	5320
vulner	1138
disrupt	4012
steganalysi	5321
implant	1067
realtim	4014
tree kernel	1139
pcanet	4015
intact	5323
mooc	1140
slice	5324
mood	1141
legal	2616
subproblem	5325
intract	2617
complic	5326
programming language	2618
immun	2619
garbag	1142
inspect	5327
universit	877
physical neural network	1143
spss	4016
stanc	4017
kernel embedding of distributions	2620
oz	4439
os	2622
routin	1144
communication	2623
laryngectome	4018
labial	2624
modeling language	5328
reli	2520
ehr	1145
strict	4458
interfac	4019
valley	5330
hard	3707
gibb	5332
tupl	2626
regard	4020
diffus	4021
longer	21
notat	5226
vocal tract	4022
grasp	1147
taylor	4480
rvm	2627
cbr	4485
politics	2628
incorrect	5333
statistical inference	4657
purdu	5334
compel	4023
multiclass	4024
idiom	2629
compet	4025
iris recognition	2630
spoken language	2631
discours	1148
symbol	5336
briefli	4026
unbalanc	2633
directori	1717
invest	2634
wifi	1149
degrad	4027
assimil	1150
lack	5337
independent study	2635
scalar	2636
disc	1720
follow	2637
disk	323
fault tolerance	1151
adversarial system	1152
multiview	4028
program	2639
automated essay scoring	2640
activation function	4029
neglig	2641
liter	4030
song	5338
far	5339
ical	2642
sont	5340
failur	1153
fac	943
sensory cue	4031
induct	2644
lisp	1154
list	1155
phonology	1156
align	2775
synergi	5341
ten	2645
foreground	3710
haar	1157
ted	2646
biolog	5342
pressur	2651
belief	2997
serv	3975
typolog	2648
sub	1158
sun	1159
sum	1160
ovarian	2649
overload	4032
ozon	5343
sur	1161
intersect	1162
shermi	5344
segmentation	2650
machine vision	2652
behaviour	4033
berkeley	4034
zone	1805
mac	3596
magnitud	1163
multilevel	1847
overfit	4035
universal hashing	2653
heurist	1164
proceed	4036
coverag	4588
nonverb	2654
autonom	4037
minor	4038
morphabl	1800
mellon	4039
prefac	1544
probabilist	4040
known	4041
cochlear	5345
relevance vector machine	2655
valuabl	2656
outlin	1166
pitch accent	1167
teacher education	2657
portugues	2658
caveat	1168
v	4042
feret database	4043
rectif	5347
rescor	1169
transduction	2660
cours	4044
court	4045
hash function	4619
rather	1170
zhang	1808
divis	4046
resourc	1841
algebra	4047
chunking	1171
voice analysis	1172
reflect	5348
catalog	4048
short	1174
psychoacoust	5349
ambigu	5350
caus	4634
phrasal	5351
multivari	1176
mission	4639
wearable computer	1177
scientist	4640
style	4050
call	4051
alter	2662
return	5353
decision stump	1178
framework	5354
botnet	5355
bigger	2663
administr	4600
kaldi	4658
compris	5356
iterative method	1180
friendship	4052
truncat	4053
weight	1181
linkag	4054
expect	4055
web search query	5357
principal component analysis	4669
beamforming	1183
health	2664
hill	1184
wisconsin	2665
advanc	4679
yale	4056
language assessment	1186
teach	2667
lag	4532
posterior probability	5361
thread	5362
neurolog	1918
receiver operating characteristic	2668
circuit	2669
avec	200
feed	1390
feel	1938
construct	2285
decision theory	2670
script	4702
gpd	1189
dynamic source routing	4058
swarm	2672
stori	1191
gpu	1951
store	1192
generative grammar	2673
imperfect	5365
option	5366
hotel	4060
instructional design	1956
automatic speech	2676
pronunci	2677
kind	1193
remot	2678
remov	2679
stochastic modelling	5367
cost	418
postur	2680
danc	5368
software construction	1963
gale	5369
neocognitron	5370
dedic	5371
violat	2681
pmi	2542
efl	2682
reach	5372
syllab	4062
linear regression	5373
adaboost	1195
melodi	4755
stft	5374
melody	4762
font	5375
penalti	2683
hit	5376
financ	2684
fastest	4065
network topology	4779
compiler	4066
continuum	4067
factorization	1196
plsa	2685
statist	2686
art	5377
proactiv	4068
roc	4069
arc	4793
disadvantag	5378
bark	5379
arm	5380
learnt	5381
inconveni	4070
human robot interaction	2687
nontrivi	4071
anaphor	2043
nearest neighbor search	5382
latin	4072
syntact	4073
genet	4607
induc	1197
sole	2052
aspir	1198
lifelik	4074
solv	1199
tracking system	2689
c	5383
license	2690
immers	4075
quantization	4076
latent semantic analysis	2691
context	4077
linked data	1200
distress	1201
cryptosystem	5384
kernel method	5385
residu	1202
mistak	1203
pr	2692
ps	4823
pp	2693
java	4079
pc	2694
pa	2695
pf	2696
pd	2697
pe	2698
po	5064
pl	2699
strategi	4831
flight	1204
dropout	2701
binary number	5386
instructor	1205
pedestrian	3004
batch	2702
feret	4842
behavior	5387
orthography	4080
network management	1206
orthographi	4081
illinoi	4082
software metric	2704
beam search	4083
twofold	5388
minim	5389
hadoop	1207
order of magnitude	1208
viola	4085
higher	1209
wherea	5390
covari	5391
multimod	4086
model selection	2706
lower	2707
machineri	1210
propos	5392
unseen	4820
collabor	1213
relianc	5393
data stream	4087
network model	4088
inference	1816
machine translation	1214
tablet	4089
stimul	2709
humanoid	1215
theoret	5394
corefer	1216
theorem	5395
finder	2122
signal processing	2710
viabil	2711
moodl	2134
feedforward neural network	2712
catalan	4896
emotional expression	5396
clitic	4092
mahalanobi	2713
discriminatori	1218
dynamic time warping	1219
probabilistic latent semantic analysis	5397
earthquak	5398
collect	1220
pipelin	1553
global	1804
understood	2714
consciou	4094
surpris	2715
particle swarm optimization	1222
waveform	2716
proc	2558
framewis	4095
viabl	4933
medical imaging	2717
glaucoma	2176
edit distance	4096
modal	5399
prostat	2718
gamma	4098
emphasi	1223
plethora	4099
elra	5400
spoken dialog systems	2719
communicative language teaching	1224
artifici	1225
markov chain monte carlo	5401
question	1226
fast	2721
adjac	5402
arithmet	1031
cepstra	2723
cloth	4100
uncontrol	5403
delta	4101
australian	5270
consist	4103
suprasegmentals	1228
growth	2787
today	1085
highlight	4104
formative assessment	5406
statistical significance	4105
universiteit	5053
spontan	4106
vendor	4090
meaning	1229
sibil	1230
transfer based machine translation	5408
vice	4107
reading comprehension	5409
prononci	4108
narrative	4109
edg	4110
cursiv	4111
edm	4112
sentiment analysis	2249
multiperson	5410
simon	4113
gold	3008
mainstream	1233
arteri	4114
electron	2725
electrod	2726
spoof	4115
relev	4116
feature vector	3260
text graph	4117
fourier transform	2727
pleas	4118
malici	2284
smaller	4119
fold	1234
helicopt	5045
cat	3263
stdp	1235
compat	1236
compar	1237
document retrieval	1238
relationship extraction	5056
vibrat	2731
cluster analysis	3960
larger	1239
intelligent word recognition	5412
typic	5413
theoretical computer science	1821
spatio	1240
appli	5414
approxim	2732
api	1242
motor	5415
apm	1243
opcod	2322
usa	2733
sort	2734
linear model	2735
musician	2736
impress	2737
digital image	1245
learner autonomy	5416
women	3581
augment	2738
pedagogi	4122
critic	1089
pedagogy	4123
proof	5418
written language	5419
steganography	5420
remedi	215
raw data	1248
tag	5421
proprietari	2739
serial	5422
overfitting	4124
dwt	4125
six	4126
occur	2740
sid	4127
lesion	2741
attend	1249
outlier	5423
wrist	3602
attent	1250
ethnic	5135
topograph	5136
semantic property	2743
light	4128
synchronization	1563
multiple kernel learning	1252
cepstrum	2744
elig	5424
pointwis	5272
convolutional neural network	1253
whilst	1254
superior	1255
voiceless	5425
newsgroup	4129
missing data	1256
underpin	4130
3d single object recognition	2746
crowds	1257
crash	5161
nonneg	1258
fingerprint	2747
investor	2748
transmitter	5427
error driven learning	4131
mfcc	1259
edit	1260
metacognition	2409
trap	5428
quadratic classifier	2749
rhythmic	327
discrete fourier transform	847
multistream	1262
related	4132
information extraction	5429
dysphon	2750
interplay	4133
annot	5417
user modeling	2421
dbscan	1263
sentiment	1264
frontier	4135
categori	5430
semev	5431
plural	4136
adaptive learning	4137
data stream clustering	2751
york	5191
dictionari	5432
philip	4138
g	1265
learning environment	3013
conversation	5433
organis	2455
lte	4139
organiz	1266
footag	5435
concept mining	5436
echo	4140
prioriti	1267
salient	5437
weka	5438
unknown	1268
accent	5439
capac	4141
decorrel	5440
communications system	1270
shallow	2754
comprehension approach	5441
richer	5442
limiting	4144
histor	3031
aggreg	4233
clip	1272
cohen	2756
rocchio	5443
coher	2757
reserv	897
disjoint	1273
mandarin chinese	2759
diverg	5444
rout	2760
probability density function	5445
graphical user interface	4145
divers	5446
second language attrition	4146
multitud	1274
histogram	676
class	4148
dens	5246
determin	2534
inexpens	4149
gain	677
vocod	2761
nonintrus	1275
utter	1276
fear	1277
overflow	2073
highest	678
locat	1278
cache	5448
empirical evidence	4217
restructur	3017
sensor array	2762
local	1279
cube	1280
qr	2763
unstructur	5278
qa	2764
partit	1281
qo	2765
view	5450
workbench	2580
credibl	2766
knowledg	4151
elast	2767
distract	1318
syllabif	5451
closer	5452
timbr	4152
favor	2982
physiolog	1282
chemic	4153
speed	1878
exam	4154
amen	4155
joy	1283
content based image retrieval	4156
job	1284
entir	5455
audibl	4157
committe	5314
articul	2609
unclear	1285
baseform	4159
wall	2614
arriv	4160
walk	4161
real time computing	4162
respect	5322
web application	3966
electrocardiogram	1287
blink	453
compos	2771
compon	2772
tutor	2773
besid	1288
hindi	4163
porting	1289
presenc	4164
spammer	2632
hmm	2774
activity recognition	5456
unsuit	5457
wild	5458
observ	1290
layer	2776
motif	1291
data reduction	1292
motiv	1293
dual	2777
lightweight	1294
backhaul	4708
tempor	5459
cross	2778
member	2779
knowledge acquisition	2661
language transfer	2780
largest	1295
constel	2781
difficult	1296
speech shadowing	2782
automation	4166
student	4167
upper and lower bounds	3022
timbre	1297
information theory	4168
english	5461
binary image	3024
mfc	2783
speech segmentation	4169
obtain	4170
tcp	1298
tcm	1299
biologist	4171
simultan	4172
rapid	2784
elsevi	5462
smith	4173
discuss	4064
book	5463
conditional probability	1301
ensemble learning	2785
myth	2786
hyper heuristic	5465
facial	1302
press	1303
disfluenc	1304
kdd	4175
pomdp	2722
chinese speech synthesis	5405
econometrics	2724
leaf	5466
lead	5467
miner	2788
leap	5468
leav	5411
investig	4176
acronym	1305
obes	2789
ripper	1306
interdepend	4177
rare	1307
column	2790
discriminant	2307
carrier	1308
pitch detection algorithm	4178
disabl	1309
em	5469
automat	2791
spiking neural network	4179
weather	1310
handwriting recognition	1311
van	4180
transfer	1312
vad	2753
smoothing	2792
appl	2793
ed	1838
fundu	5471
consensus clustering	1316
probabilistic analysis of algorithms	5472
sgmm	1317
troubl	2794
record	2795
data web	1319
decision tree	2797
adversary	3163
mutual	4182
countermeasur	4183
countermeasure	4184
percent	5474
other	2798
programming paradigm	450
branch	5464
toefl	4625
phish	2799
multi task learning	2800
gap	3732
experienc	4185
scientif	1320
reliabl	2801
active appearance model	1321
emerg	5477
auxiliari	1322
superpixel	5475
invari	4186
