key	value
circuitri	0
orthogon	1360
prefix	2868
boosting methods for object categorization	4274
three dimensional face recognition	2869
googlenet	1
digit	4276
skylin	2865
hough	2866
time complexity	2
natural language understanding	4278
disturb	2867
scholar	4279
corpora	1624
prosodi	3
budget	1361
second	4281
spambot	737
prosody	34
sociolinguist	1362
classification scheme	4282
dialogu	4
ongo	1363
markov process	2871
carv	3348
nonlinear system	1364
china	5
granularity	2874
data point	2875
deterior	6
militari	1365
k	2876
intelligent character recognition	2877
controversi	7
golden	8
computer architecture	2878
speech perception	2879
unif	2931
lengthen	9
unix	4285
supervector	4286
cerebral palsy	4287
unit	4746
dna	10
dnn	11
music	12
relay	1366
relax	1367
relat	1368
yahoo	13
notic	2881
glass	4288
computational linguistics	1369
tying	1370
splog	4289
generaliz	92
accid	4290
vector quantization	1371
generalis	14
conceptu	4291
maximilian	4292
wang	15
household	1372
virtu	3814
malign	4293
multiresolut	16
hog	4294
types of artificial neural networks	2882
hoc	4295
travel	17
bimod	4296
feature	2883
classifi	4297
hot	4298
playback	18
radial basis function network	19
turk	1132
perspect	4299
abstraction	2884
intelligent decision support system	113
modulation	1373
diagram	1374
modest	118
impost	2638
vicin	2885
technology integration	4301
dispar	2985
one class classification	1375
wind	1376
feedback	4302
neuroimag	4303
source separation	22
appar	4943
vari	1377
fit	23
radiologist	4305
fix	24
vast	3560
auditori	2886
hidden	1379
easier	2887
proce	2888
enrich	1380
surgic	2889
interrupt	2890
sixteen	25
grba	2891
healthcar	2892
mdl	4307
concord	4360
laboratori	2699
mdd	4308
mdp	4309
wfst	1381
rt	2893
rs	2894
smt	1382
dsr	1383
dsp	1384
smo	1385
rf	2895
adapt	26
rl	2896
rm	2897
sme	1386
ro	2898
solid modeling	4311
impract	168
sensori	1387
navig	1388
hybrid system	2372
k means clustering	4312
decision table	2899
reformul	1390
atm	4313
ati	4314
silicon	2900
atr	4315
unabl	4316
motion estimation	2901
loudness	27
confus	194
clariti	2902
wast	1391
misclassif	28
instruct	1392
untranscrib	4317
evolut	2903
master	29
ranging	4318
listen	1393
danish	1394
rectifier	2904
affective computing	1395
palsi	4319
random walk	4320
wisdom	1396
performance improvement	3948
crawl	218
technic	219
morphem	1398
trec	2905
association mapping	30
project	2907
tion	2908
diariz	2909
entail	1399
morpheme	464
boston	4322
spectrum	31
business intelligence	1400
increment	32
dozen	33
wireless network	4324
simplifi	35
object	3116
mouth	36
letter	1402
feed forward	37
singer	38
deep linguistic processing	1404
professor	1405
hospit	3128
lpi	1406
detriment	2910
lpc	1408
explan	2376
time delay neural network	1409
layout	2911
semantic network	4325
spamdexing	4326
apach	39
restaur	40
theme	1410
busi	4327
rich	41
plate	42
champaign	2912
pocket	2913
computational model	1411
psola	1412
patch	43
object oriented programming	44
bleu	3177
fair	1413
specialist	4283
naturalness	4328
result	4329
respons	1414
fail	1415
best	1416
modern standard arabic	45
heterogen	46
wikipedia	3196
iri	47
figur	2914
score	1417
balanc	4058
inabl	2915
extend	48
discrete wavelet transform	1418
extens	49
extent	50
toler	2916
advertis	4330
planner	2917
logic	2918
countri	2919
compromis	2920
and	4331
systems design	51
assum	52
summar	1419
duplic	2921
union	53
deep learning	54
chroma	3237
rgb	941
frr	56
much	57
advers	2922
pro	2648
life	1420
regul	58
retrospect	59
worker	2923
signature recognition	60
lift	1422
semeval	61
child	1423
davi	62
commerci	4335
employ	63
euclidean	2925
unsolv	1424
hopkin	4336
linear classifier	1425
toolkit	2927
relevance feedback	4337
player	4338
elicit	2928
haptic	1426
user profile	1428
harmoni	4340
jame	4949
format	3109
text corpus	1429
split	65
european	368
mmse	4341
prognost	4342
prognosi	4343
refin	66
tune	4344
mutual information	1430
acoustics	2929
academia	378
mnist	4346
unchang	2930
ordin	1431
lasso	68
hal	69
ham	70
easi	4347
noisy data	1432
speech coding	395
har	397
preserv	3563
support vector machine	1631
birth	1433
shadow	71
measur	4349
specif	2932
underli	2933
right	4350
old	4351
web usability	2934
crowd	72
czech	73
begin	4734
transmiss	1434
wavelet packet decomposition	4352
peripheri	2935
bottom	74
subclass	2936
condit	2937
sensibl	2938
colleg	1435
fault detection and isolation	3340
soc	2939
som	2940
son	451
creativ	76
resili	1437
fabric	77
suffici	78
combinatorics	1438
bioinformat	4353
support	2941
happi	3354
avail	1439
width	1440
joseph	4148
acknowledg	242
disambigu	2140
fpga	1442
offer	4354
pagerank	3360
equalization	4355
pesq	1444
sampl	243
dissemin	1445
khz	1446
adopt	4062
articulographi	1448
meta analysis	1634
proven	1449
exist	1450
interlanguage	4003
segmentation based object categorization	4820
floor	4358
actor	1451
narrowband	80
role	81
computer science	1452
pictori	82
runtim	2652
legitim	498
notif	2880
intend	83
behavioral pattern	502
intens	84
intent	85
recommender system	1453
geometr	86
time	4361
push	4362
corpu	87
breadth	2944
chain	88
reverber	4363
computer facial animation	2945
bittorrent tracker	4364
wake sleep algorithm	4365
osn	89
osa	90
sparse approximation	1454
chair	522
millisecond	2946
substitut	91
decis	2947
centroid	943
lre	2948
selectable mode vocoder	1455
search analytics	93
exact	94
solver	1456
single linkage clustering	2949
rejection rate	3362
team	1457
prevent	1458
intelligent tutoring system	552
compens	4368
dependency grammar	95
sign	2950
headset	96
currenc	1459
current	1460
interlanguag	2951
fifti	3364
boost	97
vanderbilt	98
bi	1640
modif	99
splice	4371
address	100
worldwid	579
throughput	101
web page	102
spectral envelope	4372
commonli	1461
ipa	1462
prefer	4373
fake	599
icdar	2952
instal	103
monaural	1463
spatiotempor	104
hilbert	2954
crowdsourcing	4374
scope	2955
afford	975
peopl	4377
claus	2956
oregon	4378
enhanc	105
crfs	106
appendix	4379
data processing	4380
semantic gap	4381
pseudoword	4382
descriptor	1466
trustworthi	1467
problemat	1867
search algorithm	3499
pairwise comparison	1468
reconnaiss	633
generalizability theory	1469
parameter	1470
edinburgh	2957
spot	1471
date	1472
sociolinguistics	107
data	1473
harmon	108
stress	4384
brownboost	2958
backpropag	1474
sr	2960
sp	647
ideolog	109
sv	2962
su	2963
st	648
si	2964
sm	2965
sl	2966
sc	2967
sa	2968
se	2969
sd	2970
function approximation	110
kong	1475
distance education	4385
multipath	658
control theory	111
matcher	1478
nation	2971
retrain	4386
anteced	673
partial least squares regression	932
language acquisition	4387
revers	1479
constrained clustering	4388
separ	3542
multipitch	4389
polit	2145
compil	1480
breakthrough	1481
unvoic	112
graphlet	114
semantic computing	4300
internet	703
computer hardware	4390
formula	4391
hci	1483
hidden semi markov model	4392
sheffield	3566
million	1485
envelop	3568
harmonic vector excitation coding	2972
receptive field	115
byte	116
kalman filter	117
remainder	3572
miml	2973
mimo	2974
reusabl	1487
departur	1488
timbral	1489
wrong	20
router	4393
neglect	722
oper	2975
intuition	1490
wlan	4394
spoken	119
parkinson	120
one	121
symmetri	122
spanish	4395
vote	1491
image processing	123
fmri	2977
convent	2978
phonetics	1492
citi	2979
statistical relational learning	3736
draft	4396
typing	1493
conveni	2980
artifact	4397
variable order markov model	4398
agglom	2981
logist	1494
nuisanc	4399
multi core processor	1496
allophon	124
prospect	1497
influenti	2982
argument	2983
sae	4401
sad	4402
sar	4403
grnn	125
american english	2984
sat	4404
note	4405
noth	4406
analysis of variance	1498
syllable	2986
compress	769
latent variable	4407
language technology	2987
abus	1499
multiag	2988
curse of dimensionality	1500
adaptability	2989
sale	4408
axi	1501
accented	4409
sda	5206
opportunist	2321
parsimoni	2991
merit	2992
bright	2993
slot	4410
slow	4411
imbal	1503
activ	2994
relational database	2995
carolina	1504
dissimilar	4412
rerank	127
mandarin	3369
erent	2997
requir	2998
prime	4413
artist	4414
twelv	4415
vision	128
surgeri	1505
regressor	1506
acoustic model	1507
paradigmat	1508
wideband	129
weibo	3001
televis	130
ubiquit	1509
parametric model	3002
noise reduction	4417
spars	4418
screen	3003
computer aided diagnosis	3004
spark	4419
heteroscedast	132
mani	3005
expression	1512
minima	3006
autoencoder	3007
twin	1513
data mining	1514
hyperplan	3008
flame clustering	134
accelerometer	135
west	136
breath	1515
discrimination learning	1516
place of articulation	4728
reflex	871
quality of service	3009
gist	3010
thousand	1517
resolut	137
grayscale	4422
catastroph	4423
hashtag	138
former	139
curricula	1518
facial action coding system	1519
graphem	140
canon	5469
concatenation	1520
anim	724
warehous	1521
ambient	3770
formalism	1651
econom	1522
binari	3011
tutori	4743
reliability engineering	3778
ludwig	3012
breakdown	1523
rfid	1524
data stream mining	1525
nonlinear dimensionality reduction	141
extern	904
traine	1526
colors of noise	910
dimension	142
summer	4427
part of speech tagging	3013
manifold	4428
rest	3014
weekli	1527
concentr	1528
rover	143
paralinguist	3015
littl	1529
instrument	4429
exercis	144
diphone	3016
robotics	2661
latent dirichlet allocation	145
dark	3017
regim	3018
categoris	146
traffic	147
world	148
intel	3019
stranger	4430
stationari	4431
integ	3020
updat	3578
inter	3021
manag	1531
supplementari	3022
muscl	4432
satisfactori	949
interactive media	1532
software quality	4433
diacrit	3024
tube	1533
definit	4434
ddi	4435
evolv	1534
dda	4436
notabl	150
refer	3025
power	4437
ration	1535
kernel density estimation	3026
manual	5008
neurocomputational speech processing	2771
aco	1536
incremental learning	1654
acm	1537
tumor	4438
neighbor	4439
act	1538
industri	1539
skew	4744
effici	1540
generalization error	3027
surviv	971
denois	3028
polyphony	3029
brazilian	153
conclud	154
computer security	155
categor	1541
conclus	156
tripl	1267
robustness	3030
puls	157
ac	5185
ab	3904
ae	1542
ad	1543
af	3908
ai	1544
certain	4441
systems architecture	4442
accentu	3236
al	1545
ap	3913
health care	4443
ar	1546
au	1547
av	1548
googl	4444
tight	3031
self organizing map	3920
spatial	1549
granul	3032
genuin	1550
vocabulary	1551
genetic algorithm	158
vocabulari	1552
string kernel	1018
mask	3033
mass	3034
adam	3035
foreign language	3036
cpp	1553
cpu	1554
urbana	3037
consider	4446
illustr	1555
reson	159
user experience design	160
unexplor	4426
plosiv	161
convnet	162
lcss	163
tv	3038
tt	3039
steganograph	3040
tail	1036
tm	1037
th	1039
ti	3041
tf	3042
smile	4447
td	3043
te	3044
tc	3045
norm	165
normalis	3046
candid	1557
strand	4448
unigram	4449
colleagu	166
adjust	4450
small	167
enterpris	1558
intelligibility	170
past	171
pass	172
suboptim	3047
situated	1559
computational learning theory	3048
clock	173
frequency domain	4452
voxforge	3050
delet	174
abbrevi	1561
succinct	4453
nonparametric statistics	4454
method	4455
contrast	1562
full	175
hash	176
inher	1068
sender	1563
prior	177
therapeut	3051
social	4456
action	1564
introductori	4457
depart	178
viz	4510
synchronous learning	179
select	772
vlsi	180
empirical research	4458
automata	181
wccn	1566
mora	182
door	183
hundr	4020
compani	184
cach	5166
endpoint	3052
telephony	5421
mall	4460
learn	186
male	4462
prompt	1111
scan	3053
challeng	3054
registr	1567
accept	1568
huge	187
interconnect	1569
taiwanes	4463
lazy learning	188
voltag	1570
simpl	189
plant	4464
wiley	1571
variant	191
plane	4465
bioinformatics	192
develop	3055
varianc	193
circumst	1572
remote sensing	1573
imageri	1574
nvidia	3056
constitu	4064
spoofing attack	4065
trade	4071
paper	196
bangla	197
user interface	3059
recip	1661
biomed	4467
magic	1576
authent	3060
graphical model	199
achiev	1577
reactiv	200
genom	3061
subnetwork	1578
genetic programming	4084
knowledge management	3062
monoton	4468
telegraphic speech	3063
procedur	201
reduct	3064
psychology	1579
research	202
gabor filter	4469
indexation	4470
occurr	203
polyphon	4471
highway	1580
proxi	1581
lifestyl	1583
weed	1584
unstress	4472
lingual	3066
w	1586
major	4473
edge detection	204
key distribution in wireless sensor networks	4474
number	1588
stage	1756
differ	4475
leverage	1223
exponenti	1589
dft	1224
semivowel	2832
dfe	206
molecular	319
relationship	1590
replic	665
dcnn	207
aam	3069
vocal	4476
reus	4477
arrang	3070
comput	4478
defect	3071
packag	208
equival	1591
self	1247
knowledge extraction	1592
analogy	1593
analogu	1594
uplink	3073
facial recognition system	4092
play	4178
nasal	4480
virus	210
plan	1596
convex optimization	211
cover	1597
web modeling	1598
abnorm	4481
microsoft	3074
markov random field	1599
filterbank	1600
affix	213
pretrain	214
session	1601
reput	1602
affin	215
impact	1603
colloc	217
ineffect	3077
kullback leibler divergence	3078
writer	3079
solut	3080
lexical item	1397
speech disorder	4206
factor	1280
lombard	1283
mainten	4483
digital audio	221
synthet	1607
synthes	1608
acut	4219
singapor	4484
computer engineering	1609
crf	3081
bilingu	4485
respir	1610
crm	3083
set	1611
ser	1612
overwhelm	1613
tree	2906
sex	1614
see	1615
contour	3084
analog	222
tobi	3382
pickup	3085
anxieti	4973
particle filter	1616
signatur	1617
javascript	3087
estimation theory	3088
speech technology	1618
incident	3089
complementar	3090
markov decision process	223
bodi	5219
last	224
hyperlink	1619
retent	4487
topic model	1620
pdf	4488
whole	1621
pda	4489
load	4490
episod	4491
bell	225
schedul	4492
parametrization	2674
probability distribution	3094
computer animation	4494
devic	4495
geoffrey	226
decision tree learning	1349
novelty detection	3095
unambigu	227
tensorflow	4496
firm	1622
fire	1623
statistical learning theory	228
educ	4275
uncertain	3096
mle	4498
optical character recognition	3097
straight	3098
erron	3099
aforement	4323
durat	3101
mlp	4499
error	3102
ami	494
voc	229
von	230
vot	231
vop	232
global positioning system	233
irrelev	4500
rasta	1934
data warehouse	2676
shorter	4501
decod	1625
euronounc	1401
anatom	1626
interspeech	4754
active learning	235
alert	1389
domain specificity	236
stack	4502
focal	1627
recent	1628
knn	237
eleg	3104
person	3105
expens	3106
academ	1403
ultrasound	685
learning sciences	4503
mathematics education	3385
trecvid	3108
multiword	1421
input	4504
transpar	4505
subfield	3110
intuit	3111
quest	4506
parameteris	240
formal	3112
cognitive radio	4348
sorting	3113
stylist	4507
spine	241
rehabilit	3114
systems engineering	4602
dempster	1632
spring	1441
electroencephalogram	1633
cmllr	4356
palm	3115
sight	4357
broadband	4508
novelty	244
knowledge representation and reasoning	1635
sgd	1636
recognit	4366
recognis	4509
novelti	245
recogniz	4511
machin	1637
be	1638
word	4621
bn	1639
agreement	4370
bu	1641
bp	1642
prerequisit	4512
bs	1643
online machine learning	1465
materi	4513
inhomogen	1644
repair	4515
colorado	3117
imitation	2721
contributor	246
non negative matrix factorization	4516
interactivity	1484
span	247
spam	248
textual	1646
custom	4517
suit	3118
state space	249
perplex	3119
poster	3120
retina	1647
decomposit	3121
link	1648
atom	4518
line	1649
mitig	3122
nervous system network models	250
uv	3123
us	3124
un	3125
uk	1511
phonat	4420
doa	3605
aerial	4421
metacognit	3126
parser	3127
independent component analysis	1650
chat	251
special case	4519
coder	1652
paradox	3129
codec	1653
stochastic process	252
lane	253
land	254
algorithm	255
electromagnet	1655
inaccuraci	3130
age	4520
discrimin	3131
train	256
oracle	4445
extensibility	3132
essay	1656
code	1657
partial	4521
deepwalk	1556
coda	1658
scratch	3133
keyword spotting	4522
landscap	4144
broader	257
constrained optimization	258
turkish	259
young	3134
sens	1659
street	2491
disast	3135
fisherfac	1660
tri	3136
amt	3107
recit	1662
electromagnetic articulography	3137
scalabl	5225
fewer	260
race	3138
sigmoid function	1663
sparse matrix	261
uem	1664
vehicl	1665
impli	3139
natur	1666
video	262
cumbersom	3151
icsi	4479
index	1667
multimedia	263
indian	4525
coreference	1604
white noise	3142
bird	1668
lee	1669
leg	1670
len	1671
let	1672
fifteen	264
great	3486
cdhmm	3143
technolog	1673
tree structure	3144
rdf	4526
survey	266
language education	3145
ctc	4527
opinion	4528
dyad	3146
maker	1629
calibr	3148
arpa	4981
emot	4529
disciplin	4530
causal	3149
test set	1675
commun	1676
doubl	1677
next	1645
eleven	267
doubt	1678
comparison	4759
freebas	268
software system	3150
non native pronunciations of english	1970
reproduct	1679
pour	4531
computer assisted translation	2415
drill	1680
scatter	269
paraphras	1681
weaker	1477
process	270
slim	3152
high	1682
decision rule	1683
generative model	4532
crimin	4533
sampen	3153
malware	271
reuter	4541
delay	3154
estimator	1684
infeas	1685
cuda	2682
singular	4545
semantic search	4535
notebook	1686
covariance matrix	4536
tier	4537
mathematical optimization	3156
alloc	1687
essenti	4538
psychophys	4539
tf idf	1688
seriou	4540
counter	3158
robot	272
element	3159
issu	1689
unaccept	1708
allow	1690
movi	4169
interlocutor	3161
move	3162
evolutionari	274
perfect	275
decay	3164
chosen	1720
mispronounc	1691
infrastructur	3165
matrix decomposition	1692
therefor	3167
fingerprint recognition	1693
recept	3168
python	1694
overal	276
strateg	3169
speech error	277
facilit	2115
anyth	1695
medlin	1696
merge	1697
truth	1754
subset	3170
societi	4543
mobile search	3171
error detection and correction	1698
consum	3323
meta	3172
static	4544
pareto	279
shannon	280
variabl	3173
direct method	2686
matrix	281
rwth	1699
bad	4987
wer	325
sever	753
lattic	282
matric	283
regulatori	3175
tempo	4547
data type	4548
shortest	3176
automatic image annotation	1700
sample size determination	4627
david	1701
length	286
enforc	1779
lexem	4549
outsid	4550
scarc	4551
respond	4890
manuscript	3178
scene	287
unobserv	3179
fatigu	4643
context model	1789
owner	1702
licens	4554
system	3181
memristor	1703
termin	288
linear combination	3182
accompani	4555
multistag	3183
mixture distribution	290
classi	3157
data set	291
viterbi algorithm	3184
psycholog	292
viewer	4673
correspond	3140
katholiek	3185
speller	1704
optimis	3186
input output	4556
babel	3187
test of english as a foreign language	1705
accuraci	3188
discret	1706
discrep	1707
korean	3189
phenotyp	4557
thesauru	3160
aphas	293
fidel	3190
oracl	1709
data driven	1710
segment	1843
autoregress	1846
placement	294
bref	295
language model	4988
stronger	4558
face	3191
univari	3192
software portability	4559
dbm	3194
dbn	3195
viola jones object detection framework	1855
indispens	1712
tractabl	3197
rubric	296
semantic interpretation	1859
rough	4560
trivial	4561
seizur	4562
mmie	297
nois	3198
jaw	298
peer feedback	299
jan	300
gestur	301
jam	302
concept map	4563
anneal	3199
hope	1713
insight	273
scale invariant feature transform	1714
multidimensional scaling	4564
familiar	4565
autom	4566
piecewis	1715
speaker diarisation	4567
h	4568
swain	3163
nist	1716
pronoun	4524
spamming	3400
frame	304
packet	3200
particl	306
wire	4569
emotion classification	3413
nuclear	307
content analysis	4570
misus	4571
software deployment	308
email	1717
source code	309
database design	310
darpa	311
minimum bounding box	1718
detection theory	3201
pragmatics	3202
observable	3204
la	2420
drug	1719
etc	4572
streams	3205
ete	4573
eth	4574
ci	1721
control system	3206
cn	1723
cm	1724
cc	4752
ca	1725
cf	1726
ce	1727
cd	1728
minimum description length	1729
distil	1936
cs	1730
cr	1731
li	2424
cv	1732
uci	3207
ct	1734
coarticulatori	4576
trajectory	1735
obstacl	312
insuffici	1736
baum welch algorithm	4577
trajectori	1737
immedi	313
coherence	314
statistical model	3208
neighbour	4578
graphics	4579
parallel algorithm	2172
decad	3166
laser	1739
dataflow	4775
rbm	315
decept	5016
rbf	316
cvc	317
vc	3209
vi	3210
vm	1968
vq	3212
static routing	4787
archiv	4582
vt	3214
incom	3215
cohort	320
mutat	4583
referenti	1741
outbreak	3216
android	3217
competit	3218
ball	4796
columbia	4797
conditional random field	4800
expans	4584
upon	4585
mathematical model	4586
expand	4587
audit	321
eye tracking	2567
global optimization	3220
backpropagation	322
exampl	3221
command	1743
audio	323
subgroup	3222
paus	4588
less	4589
learning theory	3223
concept search	324
paul	4590
demograph	1744
web	2010
bibliography	3224
numeral system	4591
priorit	4592
random field	2013
valid	3985
bibliographi	3226
crack	326
government	3227
piec	327
bayesian optimization	1745
interpretability	4832
visual perception	4833
recurr	1747
sparsiti	1748
resid	4594
finnish	3229
microblog	3230
suprasegment	4333
mhz	1749
resiz	4595
incent	328
captur	3231
interact	5473
elitist	4596
guarante	1750
vsm	3232
transport	1751
small set	329
avoid	1752
maximum a posteriori estimation	4334
data analysis	1753
schedule	4597
adversari	3233
dissert	331
r	2645
skelet	1755
sensor fusion	4869
training set	3235
label	848
test case	1757
software	2066
homogeneous	278
isl	3238
assess	3239
lung	3240
rectifi	3241
pitfal	3242
mere	4598
merg	4599
multivariate analysis	333
mixture model	1758
assumpt	131
sententi	4600
lidar	3243
frustration	4601
function	4896
convergence	3244
sociocultur	4604
count	1760
veget	1761
library science	2098
problem	335
bigram	336
novemb	3245
multi document summarization	1764
multivariate statistics	4605
ing	3246
inc	3247
linear discriminant analysis	337
lookup	3248
varieti	1765
constructed language	4606
repeat	338
vein	2118
syllabu	339
rule	4607
syllabl	340
entropi	341
profici	342
vapnik	4608
deviat	343
matlab	4609
worth	344
aurora	345
distort	1766
chapel	4610
cmo	346
cmc	347
math	3877
standard deviation	3251
cmu	348
speci	3252
phonet	4612
consequ	349
codec2	1768
phonem	4613
chen	3253
supervis	350
mpeg	1769
calcul	1770
psvm	4614
topolog	3254
residual	351
locomot	3255
pursuit	1771
information technology	1772
loanword	4991
forens	3256
standalon	2431
sla	4995
short time fourier transform	352
smoke	1773
semantic memory	353
principle of maximum entropy	2190
newspap	4618
invas	3878
attitud	996
cslu	5009
total	2196
polytechn	4619
plot	354
gloss	3257
kinematics	4620
greedi	284
asynchronous communication	3258
inflect	3259
iv	2179
irvin	3260
erp	355
insignific	1775
restor	3261
work	4622
worm	4623
group delay and phase delay	5364
wors	4624
era	356
language development	357
ern	2220
novic	4625
value noise	1776
impair	358
object detection	2229
unavail	4628
educational technology	1777
ordinari	1778
recoveri	359
interview	2250
verifi	3262
recogn	1780
chines	360
earlier	3263
mnist database	4630
hong	64
lab	4631
law	5067
demonstr	3264
domin	4633
greek	1782
green	1783
sont	5449
order	4634
softwar	4552
diagnos	361
offici	4635
pascal	4636
incid	4637
uwb	4638
japan	3265
flexibl	4639
priming	362
blstm	363
offic	1784
least squares	4640
fragment	1785
false positive rate	365
break	4641
band	3266
bank	3267
tendenc	3268
predictive modelling	366
l	367
top down parsing	1786
classifier	1787
voxel	1788
ntimit	4644
lifter	3269
palat	3270
vandal	980
morpholog	3271
daniel	369
forth	1790
forti	1791
barrier	370
standard	3272
reconfigur	4646
angl	1792
phonetic search technology	4647
mva	3273
regress	3274
subtl	371
benchmarking	4648
render	372
independ	4649
forum spam	373
metaverse	3275
thick	3276
dimensionality reduction	4650
vector space	1793
nomin	374
information science	4651
compromise	4652
rater	4653
john	375
sequence labeling	3277
digital image processing	67
toronto	4655
target	4656
provid	4657
rate	2708
kth	4658
minut	2361
multibiometr	376
provis	4659
manner	1794
diphon	2370
latency	4660
strength	1795
sound quality	4681
latter	3279
transmit	3280
anatomi	3281
germani	379
lexic	1796
nonlinear	4661
keystrok	380
voting	2395
notion	1797
virtual machine	3283
opposit	3284
brief	4022
identifi	2189
involv	4662
consolid	3285
latent	1799
language identification	2406
implementation	3286
latenc	1800
personality	4033
dn	1801
dl	1802
dm	1803
cryptography	3287
di	1804
de	1805
db	1806
da	1807
dt	1808
du	1809
dr	1810
ds	1811
dp	1812
emg	381
pearson	4663
ema	382
diabet	3288
collaborative filtering	383
system identification	758
emr	384
septemb	385
analytics	4664
transform coding	4665
imput	386
optimum	388
awar	389
3d pose estimation	3289
drawn	390
inton	4666
accord	1813
wc	3290
wb	3291
preprocessor	4667
disjunct	3530
ill	4668
image restoration	391
con	1814
negotiation	1815
anticipatori	392
tone	393
applianc	2464
excess	3293
permut	1816
polynomial	1817
guid	1818
telecommunications	2469
speak	4671
convolut	4672
subscrib	394
monologu	1819
synthetic data	396
smartwatch	1820
end user	3294
physician	1821
bayesian network	1822
ident	4674
gnu	2487
properti	2490
air	3295
texton	3296
abrupt	1823
aid	3298
voice	1824
cons	398
on the fly	3299
descent	4675
perform	3300
punctuation	1825
gaussian noise	1826
evid	4306
rain	5314
hand	399
fuse	400
nir	4676
information and communications technology	3301
undesir	401
scenario	1828
thu	1829
client	402
campu	1830
kinship	1831
medicin	1966
photo	3303
victim	4678
visualization	2549
pitch contour	403
voice onset time	1832
spread	1833
board	3304
distributional semantics	3305
rnn	3306
capt	1834
arab	1836
fusion	4679
vtln	1837
night	405
korea	2750
quadratic programming	1838
percentag	406
computeris	1839
affine transformation	4680
nonuniform	3308
plp	4682
marketing	4683
pose	3309
confer	3310
repositori	5374
peer	407
post	2610
computational auditory scene analysis	408
literatur	4684
horizon	4685
experimental data	409
confidence interval	2620
dilemma	1840
algorithmic learning theory	3312
profession	410
bound	3313
rendering	411
acoustic phonetics	1841
opportun	1842
anthropometr	412
ranking svm	1844
way	3315
war	3316
lowest	4688
static web page	2442
encoder	1845
true	3318
absent	3319
maximum	413
hybrid algorithm	532
inaccur	414
absenc	3320
higher education	415
flat	1201
abstract	4690
eigenspac	1849
labeled data	3322
jone	1850
test	416
realiti	4691
grading	3635
fact	3193
concept	418
global	1852
trigram	4227
supplement	420
emotion recognition	4692
hinton	1113
middl	4693
transduc	4694
graph	1854
audio visual speech recognition	421
rhythm	3324
brown	4695
congest	4696
grapheme	422
octob	3325
brows	4697
expert system	423
gui	424
p	1857
nonspeech	2728
upper	4700
scarciti	2733
psycholinguistics	425
htm	4702
htk	4703
local search	75
spectrograph	1858
perplexity	4704
appear	3326
scaffold	1860
uniform	3327
appeal	3328
defici	427
gener	4705
coeffici	428
satisfi	1861
interactive video	1862
teacher	429
domain knowledge	430
prosthesi	4707
trial	1863
montreal	4708
regardless	431
extra	432
auditory scene analysis	433
subjectivity	3329
marker	4709
mobil	1865
market	4710
atwv	4711
live	1866
data management	434
finit	5516
mobile telephony	435
clue	4712
feature learning	3330
logarithm	1868
graphic	3331
ibm	436
car	3333
prepar	437
cap	3334
focu	4713
machine learning	2791
cai	2793
cae	3336
cad	3337
heart	3338
practition	438
chip	439
local binary patterns	1870
topic	3339
weighting	440
spl	1871
spm	1872
spn	1873
cardin	4714
occup	441
redundancy	2805
multipl	442
lemma	4235
satisfact	303
economi	443
write	4715
criterion	1874
social semantic web	5535
product	444
coars	1436
southern	4716
annotation	4717
hash function	4718
explicit	1875
wavelet transform	4719
academic achievement	3341
brain	445
tagger	1876
ieee	4720
dynam	446
ethic	1877
conjunct	3342
window	1878
factual	447
non	448
face recognition grand challenge	449
recal	1880
bay	4985
scaling	4721
user interface design	3343
aesthet	450
half	1881
hall	1882
introduct	452
critiqu	453
mapreduc	4722
facial motion capture	4723
drop	454
logistic regression	455
januari	3344
esophag	456
el	5580
domain	3345
en	1883
svhn	1884
citat	1885
replac	457
gaussian	1887
ec	1888
replay	2859
year	458
et	5583
ep	1890
es	1891
er	1892
accomplish	4725
space	1893
telephone network	4726
tracklet	1894
rational	3346
ironi	3347
divergence	460
argu	2873
cart	3349
card	3350
care	3351
british	3352
profess	3353
blind	461
eigenvalues and eigenvectors	1896
angular	4727
size	1897
silent	1898
breed	1899
silenc	1900
cumul	463
friend	1901
baldi	4729
cantones	1986
pittsburgh	465
video tracking	4730
thai	4731
semantics	4732
browser	3355
documentation	1987
slam	3356
deliv	3357
anger	1903
audio signal	466
engin	1904
satellit	467
contextual image classification	3358
motion capture	1906
price	3359
silhouett	1907
information system	1908
synthesi	468
mri	470
mrf	472
steadi	473
german	3361
concurr	4735
fletcher	4736
handwrit	1909
fifth	3363
ground	4284
ratio	1910
stain	474
data acquisition	5461
invariant	992
thermal	540
sonar	1912
telecommun	4740
intelligent agent	4741
burst	475
linear map	3366
sport	3367
concern	1913
loudspeaker	3368
neural gas	476
import	477
cardiovascular	478
artificial neural network	1914
curvelet	1915
nearbi	4742
mont	4252
inconsist	3370
embedding	3371
id3 algorithm	3372
overview	3373
exploit	479
damag	480
clarif	481
invert	151
invers	152
sequence learning	482
electroglottograph	483
neural coding	3374
textbook	2942
logogen model	484
thesi	3375
longitudin	1918
stereotyp	169
trick	3376
ein	3377
metric	485
henc	1919
time series	3903
management science	4745
bias	1920
automatic summarization	3378
inquiri	486
apraxia	4747
media	1921
medic	1922
microarray	3454
epoch	1923
speaker recognition	3430
document	2556
closest	3379
initialization	4748
someon	4749
electromyographi	4750
fruit	1924
hidden markov model	3380
pervas	487
cca	4751
taxi	3075
comment	2454
abund	3381
touch	1926
co	1722
ergod	489
versu	490
death	491
europ	492
bayesian statistics	1928
leed	2943
desktop	1929
identif	1930
spectral density	651
treatment	1931
versa	493
momentum	1932
real	1933
pso	3103
hypothesi	234
read	1935
amb	495
bayesian inference	3383
visem	3384
computer mediated communication	239
machine translation software usability	3386
benefit	4755
cascad	3387
output	496
encrypt	3321
verbal	497
matur	2207
information retrieval	1937
anomal	1938
landslid	3388
extreme learning machine	4758
characteris	499
waikato	761
cu	1733
nmt	1939
haar like features	3389
radial	544
nmf	1940
ontology	1941
wearable technology	500
src	3391
central	1942
collaborative learning	501
sre	3392
sri	3393
degre	1943
processor	4760
elementari	4761
open problem	3394
resampl	2872
explicit semantic analysis	4762
operator	1944
airlin	3174
on language	4763
log	3395
area	285
start	503
low	3396
lot	3397
submiss	4764
premis	289
breast cancer	1946
binary classification	504
oscil	3398
posterior	4765
satur	505
phrase structure rules	1947
fraud	506
stanford	3399
default	507
bucket	1948
sadness	3401
keyphras	4766
stochast	3402
scanner	4767
personalization	5467
mobile computing	1949
nerv	1950
decreas	508
antenna	1951
standard test image	509
caltech	3404
mathematics	1952
poor	510
polar	1953
drift	3405
multidimension	4770
polynomi	1954
peak	3406
pool	511
reduc	4771
deliber	1738
stochastic gradient descent	1955
inevit	512
qualitative research	513
skeleton	3407
month	514
correl	4772
decision boundary	3408
articl	4773
likelihood ratio test	515
acust	4774
mpe	1956
verb	1958
mechan	516
traffic classification	1959
emul	517
bovw	3410
cosin	518
dimens	519
cued speech	3411
skin	2212
sinusoid	3412
monolingu	521
casual	4776
bilinear	1962
vocabulary development	4777
density estimation	4369
color image	1963
shapelet	4778
coarticul	5468
learner	523
rgbd	524
consecut	4780
essenc	525
modular	4781
modgdf	526
depend	3644
strong	1964
modifi	3414
hccr	527
phonetic transcription	1965
amount	4783
trainer	4784
purchas	318
famili	3415
perceptron	3416
aggress	4785
injuri	1967
spectrogram	529
formul	3314
named entity	530
assessor	4786
site	3211
argumentation theory	3418
subspace topology	1740
histori	3419
vs	3213
audiovisu	534
hypercard	1971
mel frequency cepstrum	4788
thresholding	1972
templat	1973
unreli	1974
phrase	536
noise measurement	3420
spreadsheet	4789
snippet	4790
reject	537
fp	1975
fr	1976
fs	1977
ft	1978
threat	5472
iwslt	4791
optimization problem	538
fa	1979
fc	1980
fd	1981
fe	1982
undergradu	539
fl	1983
fm	1984
fo	1985
stabil	3421
workstation	3422
spectra	3423
egg	469
help	3424
reservoir	4792
hierarchy	3425
ffv	3426
fft	3427
wiener	3365
hierarchi	3428
taxonomi	4793
paramet	3429
anomaly detection	1988
finer	1990
kohonen	1991
food	1992
sentenc	4794
subtask	4795
aphasia	541
cer	542
foot	488
semi supervised learning	3431
case based reasoning	3432
radiat	543
end to end principle	3433
rule based system	3390
intervent	3434
massively parallel	3435
heavi	545
beyond	4798
event	4799
perceptu	3436
safeti	546
robert	1994
publish	3437
sustain	4801
asr	520
doppler	547
asv	2055
puf	1995
reason	3438
base	1996
put	528
earliest	2737
asm	531
basi	1997
veloc	548
caption	1998
american	549
heartbeat	4803
lifetim	4804
assign	3439
obviou	550
encoding	1999
noun phrase	4805
dijkstra s algorithm	3440
miss	4806
questionnair	4807
monocular	2216
metho	2001
station	551
scheme	3442
disagr	3445
schema	3443
basal	3451
bidirect	561
boredom	553
language industry	2003
consonant	554
context awareness	3444
std	4809
lexical analysis	3446
concept learning	5033
cache language model	3457
stt	4810
usability lab	555
bridg	566
orthograph	2004
consumpt	4811
toward	556
dtw	4812
colour	1742
word error rate	2005
electroencephalography	3464
electroencephalographi	3447
null	557
lid	4813
imagin	3448
correlation coefficient	2006
chromosom	3477
lip	591
useless	592
histolog	3449
application domain	3450
mixtur	559
alpha	4814
clear	4815
popularity	3452
soft computing	2218
tongu	560
latest	3453
writing assessment	3490
phenomenon	4542
copyright	4961
fundamental frequency	4817
voice over ip	3455
lexica	563
nativ	4818
ubiquitous computing	564
k nearest neighbors algorithm	565
neuromorph	2009
x	4819
schizophrenia	3456
mobile robot	4416
close	3517
particip	4821
content addressable memory	657
ranker	567
numer	3459
isol	4822
scalability	568
poorer	2011
distinguish	3461
active listening	570
psychometr	571
phishing	572
fast fourier transform	3225
header	4823
spotting	3462
neuro fuzzy	4824
linux	4825
batteri	2012
lattice	4826
box	794
imag	698
mturk	573
covariance	574
coordin	3465
liver	575
word lists by frequency	5424
gait analysis	576
fuzzy logic	3466
look	3467
canadian	5037
pace	577
smart	1006
unsupervis	5038
loop	3468
pack	578
pragmat	3469
readi	3470
costli	2408
quadrat	580
recurrent neural network	4616
pedagog	3471
baseline	4827
grant	581
belong	2015
grand	582
ester	2016
radiolog	583
composition	584
conflict	3472
interpolation	2017
optic	2018
lie	585
optim	2019
metaheuristic	4828
user	2020
older	3473
speech enhancement	586
mllr	3474
putonghua	2021
realiz	5277
gsm	4829
chord	3475
vietnames	587
choru	3476
taiwan	4831
password	3228
predomin	2022
coarticulation	588
recurs	1746
anova	2023
informat	590
subsequ	2024
triaxial	5040
oversampling	558
march	2025
molecul	4834
game	3478
joint probability distribution	2026
marcu	2027
characterist	760
signal	2028
manifest	4835
valenc	4836
corpor	2029
popular	594
eeg	595
terminology	596
sketch	597
neumann	598
creation	2030
ivector	3479
bayesian programming	3480
wireless routing protocol	3481
very large scale integration	2031
minimax	3482
teaching method	3483
run	790
stem	3484
step	3485
viewpoints	601
subtract	4837
tracing	4838
background noise	3662
data model	4839
simulation	4840
silence	602
broadcasting	4466
slovak	4842
maximum likelihood	824
multipath propagation	305
statistics	4843
institut	603
frame rate	4844
carnegi	4845
newer	4846
russian	2033
dialog box	604
mvdr	2833
transmitt	4847
autocorrelation	2034
similar	606
tomographi	2035
repres	4848
incomplet	607
nab	4849
pronounc	861
titl	2036
appendic	4376
nap	4850
unidirect	3488
draw	4851
clean	4816
evas	2037
language and communication technologies	2038
william	4852
amplitud	2039
infrequ	3489
e	609
physics	562
svd	610
visual	1464
communicative competence	4853
distance measures	3491
depth	2040
tandem	3661
svr	611
gp	2041
ga	2042
go	2043
cognit	612
gi	2044
compact	613
feature detection	4854
phonological rule	3492
wizard	2045
friendli	614
subband	2046
aris	2047
treebank	2048
medical diagnosis	2049
wave	616
cognitive walkthrough	4856
color histogram	617
imbalanc	2050
cellular	3493
tonal	2051
gender	4858
button	4859
michael	618
connectionist	4860
population based incremental learning	2052
optical flow	4861
dcn	1013
download	2053
click	2054
minimum redundancy feature selection	4863
cell	4864
experiment	2056
microcalcif	4865
hierarchical clustering	4866
becom	619
convert	620
convers	621
burstein	622
genr	3813
converg	623
hyperparamet	624
gene	625
chanc	3495
nearest	805
boolean	4868
nijmegen	2057
cloud	2058
social media	2059
metaphor	944
computer network	945
implic	3496
camera	626
panel	2473
adequaci	3839
ecoc	627
mismatch	4870
retriev	4871
perceiv	3847
ridg	4872
psycholinguist	3497
word embedding	3498
meet	628
control	4873
singular value decomposition	4874
information access	5048
superposit	2061
histopatholog	966
dictation	4875
georg	3500
group method of data handling	631
elus	3501
sonor	632
spelling	2063
encyclopedia	3889
agenda	2064
subtyp	2065
longest	4876
sigmoid	634
stepwis	3502
hypergraph	4877
consensu	4878
pixel	2067
handl	3504
frontal	635
literaci	3505
tdnn	5050
front	1003
shortest path problem	332
strengths and weaknesses	2069
literacy	3507
world wide web	4882
slide	636
magnitude	1012
mode	2070
masteri	4883
network packet	637
information needs	3930
chunk	2071
bluetooth	638
combinatori	639
query by example	1021
special	640
influenc	2072
discharg	641
may	3669
suitabl	642
hardwar	2073
incremental decision tree	2074
ecg	2075
watermark	3509
concept drift	3510
manipul	1031
data quality	643
transliter	2076
eigenface	3511
timet	644
unwant	4884
florida	4885
segreg	4886
counterpart	3512
stride	3513
geometri	4887
christoph	2077
qualiti	4888
cardiac	4383
forgeri	4889
disaggreg	2078
clickthrough	2079
wrapper	645
attach	2080
attack	2081
privaci	535
final	4891
prone	3515
ground truth	4892
fuzzi	2082
methodolog	4893
mean opinion score	2083
rst	3516
rss	3982
photograph	2084
bed	2085
bee	2086
ss	2959
structure from motion	4895
sensit	2398
exhibit	2087
rule induction	2088
sw	2961
tabl	4897
need	1071
border	2089
q	5052
microphone	364
tactic	4898
tactil	4899
intraclass	4008
singl	4900
textur	4901
deploy	3519
galleri	649
discov	650
theoretical linguistics	2091
rigor	3520
awe	1091
stereo	4902
url	652
snapshot	3521
talk	3678
inter rater reliability	2092
constrain	653
apparatu	3522
hyperspectr	1102
indoor	2032
social network	3523
image warping	4903
homomorph	654
bayesian probability	3524
winner	4904
cognitive model	4905
dispers	2093
manufactur	4906
discontinu	655
idss	4040
michigan	4907
joint	4908
rnnlm	4043
sound recording and reproduction	3679
gray	3526
multiple choice	4909
enabl	4910
dpf	2095
gram	3527
contain	1130
dpm	2096
legaci	2097
smooth	1762
schwa	2099
terrain	3529
profiling	2100
equip	816
statu	4911
epilepsi	1476
tend	659
state	4912
wavelet	3531
masking	4913
tens	660
flickr	1149
key	661
nettalk	2246
multilay	3460
eclips	2104
thank	5058
career	4914
articulatori	662
harmonic	4915
stakehold	3532
controller	663
plausibl	664
ingredi	2105
novel	2106
interactive learning	4916
harder	4917
contextu	2107
glossari	4918
engag	2108
demo	3533
neuron	2109
revis	2110
scienc	666
parti	4134
speaker	667
sclerosi	1215
web development	4919
human computer interaction	2111
http	668
cross validation	1221
effect	4920
isca	2112
bootstrapping	4146
well	3534
weblog	669
distanc	670
spastic	3535
distant	671
skill	4921
drive	2990
densiti	672
restricted boltzmann machine	4922
munich	3536
burden	1248
loss	4176
lincoln	674
multicondit	675
data extraction	3537
necessari	676
martin	4924
computer graphics images	677
page	3538
the internet	3539
twitter	4925
phenomena	3540
vessel	3463
home	678
peter	3541
librari	679
canopy clustering algorithm	680
competitor	3543
overlay	681
broad	682
overlap	683
estim	1268
encourag	2114
journal	3544
usag	4927
nonverbal communication	4928
offset	4929
small number	3545
freedom	3546
tongue	3547
frequency modulation	2116
discretization	4930
washington	3548
diagon	4931
primat	195
museum	4932
themat	2117
inner	1305
holist	3549
artificial intelligence	2120
hz	1307
netherland	2121
north	687
triangular	688
ht	2122
gait	4232
neutral	3550
ho	2123
spuriou	3551
multispeak	4080
eas	3552
ear	3553
eat	3554
displac	692
asynchron	693
limit	2125
pm	2763
display	694
word sense disambiguation	695
atyp	4244
evalu	696
yoho	3555
regression analysis	2126
diego	3556
quot	4956
contest	4935
electromyograph	697
futur	4936
conting	825
star	699
long short term memory	4937
sphinx	1351
bci	3557
hnm	700
extran	4268
bcc	3558
portion	4938
decemb	4940
sign language	2127
binary number	5495
asian	5558
modular design	4941
auc	701
accur	2129
preprocess	702
downstream	2130
dutch	4942
voic	704
govern	3559
affect	2131
brain mapping	1378
voip	705
naturalist	2132
vector	3599
aachen	3561
markov	706
maxout	707
discourse analysis	3562
illumin	708
domain adaptation	709
neg	1407
face hallucination	3564
transcrib	3565
new	2133
net	2134
ner	2135
metadata	710
elimin	2136
centric	2137
associative property	3567
mel	711
template matching	4946
men	712
wearabl	4332
multi agent system	4947
interpret	2138
ajax	827
cbir	4948
credit	3569
knowledge based systems	2139
volunt	4950
campaign	4951
avenu	3570
instabl	4952
mammogram	3571
random subspace method	713
calt	4953
unpredict	1486
overhead	4954
recommend	2141
type	2142
tell	1443
warp	3573
berlin	714
adult	3574
room	715
setup	3575
spec	3249
root	716
undirect	717
declar	4955
steganalysis	2766
thing	3693
boltzmann machine	3577
autonomi	718
competitive learning	2143
answer	4957
negoti	2144
confid	719
blacklist	5068
alzheim	4958
synchroni	720
attempt	3579
third	721
maintain	4959
vfr	2146
network security	3580
privileg	4960
keyboard	2147
better	4962
harmonics	2148
persist	3581
mobile device	723
motion analysis	4963
therapi	3582
promin	725
promis	726
interrat	727
radial basis function kernel	2256
grammat	4964
grammar	4965
localis	3583
image compression	3584
side	3585
mean	3586
false positive paradox	728
enorm	2149
extract	4966
coursewar	2150
gradient	3587
open	2976
internet privacy	4967
crucial	3588
content	4968
rewrit	729
reader	3589
quantifi	3590
linear	4969
anomaly based intrusion detection system	3591
verif	5298
situat	3592
ineffici	730
rprop	4611
usability inspection	1153
ist	2151
active shape model	2152
iphon	2153
loud	2154
grade	4970
bhattacharyya	2155
unlik	3593
robust	2768
aperiod	2156
massiv	2157
payload	2158
parametric statistics	3594
neuromuscular	3595
weighted majority algorithm	4971
malwar	731
resource management	732
query expansion	3596
peculiar	4142
symptom	4972
data collection	734
keyword	1606
princeton	2159
feature hashing	3597
database	2288
connectionism	4486
matter	2160
plagiar	3598
universal networking language	735
beginn	736
modern	3600
mind	4497
mine	3601
seed	3602
churn	4974
chest	1630
top down and bottom up design	2161
boltzmann	3603
regular	4514
tradit	2162
broadcast	4975
simplic	4976
entrain	4977
simplif	4978
alarm	3604
impostor	738
dog	3606
search engine	4979
constrict	739
structured prediction	740
visitor	2163
probe	741
speedup	3607
syntax	4523
neuromorphic engineering	2164
lstm	2165
pcfg	2166
explain	3608
hoars	1674
graph theory	4982
conduct	2493
stop	2167
dysarthr	2168
symmetr	3941
bar	4983
program evaluation	4984
connected speech	4615
bag	4986
gradient descent	2169
architecture	4546
linguist	2170
subject	3609
transliteration	3610
developmental linguistics	1711
invalu	2171
blind signal separation	3611
simplest	3612
attribut	3613
lazi	3614
image registration	742
und	3615
une	3616
uncertainti	743
epilept	3617
ontolog	3618
height	4593
exemplari	4989
shortcut	589
san	4400
multiplay	744
three	4990
specul	745
trigger	746
interest	4603
basic	747
tini	748
deeper	749
mci	2173
suppress	3619
mce	2174
efficaci	3620
slt	4992
slu	4993
servic	750
slr	4994
near	2175
occas	3621
anchor	2177
user assistance	751
seven	752
ip	4737
ir	2178
image sensor	4996
ii	2180
im	2181
il	2182
apnea	1253
ic	2183
ie	2184
id	2185
context free grammar	3622
computer graphics	1781
pooling	4617
receiv	4997
make	3623
audio time scale pitch modification	2186
chatroom	2187
studi	1774
statistical classification	4654
stimuli	5000
qualit	754
weakli	755
stimulu	5001
diphthong	756
programm	757
paradigm	5002
left	5003
protocol	3624
sentence	5004
nowaday	3625
bandwidth	2191
human	3626
graph kernel	759
languag	3627
character	4669
speech corpus	3628
save	762
applic	3629
reuse	3630
coron	2192
supervisori	763
part of speech	3631
background	5005
elabor	5006
embodied cognition	3632
standardization	5007
negat	684
unnecessari	3633
www	2193
deal	764
interv	4687
disord	2194
deaf	765
maxim	766
intern	3634
statistic	5010
heritag	2195
eer	593
elderli	767
insensit	768
cognitive psychology	5011
tempor	5569
tracker	2197
parameterized complexity	4699
emerging technologies	4701
idiomat	5012
sift	5013
promot	2198
super	5014
simul	5015
commit	5017
telephon	2199
parsing	5018
aibo	2200
imit	5019
editor	770
fraction	771
dynamic bayesian network	2201
analysi	773
psychoacoustics	1902
form	1905
forc	2202
retarget	774
surveil	2203
bengali	775
analyst	776
bandwidth extension	3636
blended learning	1911
word order	5021
unrel	2204
iqa	3637
classif	1916
featur	3638
classic	1917
covert	5022
diagnosi	5023
backoff	5024
diagnost	5025
glanc	3639
network architecture	5026
viseme	2205
excel	1925
newswir	2206
unlimit	777
monosyllab	778
neuroscience	5383
billion	2208
femal	3640
furthermor	5027
face detection	3641
cloud computing	2209
semisupervis	600
pseudo	779
experiential learning	5028
fss	4769
teeth	3642
daili	5029
pedestrian detection	2210
invent	2211
mild	5030
plda	780
unconstrain	1960
morphology	1961
language pedagogy	3643
hierarch	781
microblogging	4782
show	3705
intermedi	5020
inerti	782
syllabification	783
sociolog	784
string	2213
asymptot	3645
pathologist	2214
join	3646
example based machine translation	3647
die	1993
qoe	785
iter	3648
magnet	2215
item	3649
multilabel	3650
semantic compression	786
section	1560
round	787
linear prediction	2000
maximization	5032
speech processing	788
talker	789
corner	3706
biometrics	2217
filler	791
favour	5034
suspect	792
template	2219
web 2 0	3652
xml	1502
deriv	3653
french	5035
noisy text analytics	793
software development	2221
microphone array	3654
shift	3655
external data representation	795
bot	796
bow	797
multicast	3657
extrem	798
bob	799
transact	126
bof	800
elect	3658
feature engineering	5039
modul	2222
computer program	801
planck	2223
wealth	3659
univers	3660
visit	802
metabolom	2224
curriculum	2225
oov	2226
rigid	2227
indic	4626
examin	5041
effort	2228
applied linguistics	5042
human computer information retrieval	803
uniqu	5043
imper	804
fli	5044
claim	5045
predict	5046
agent	5047
viterbi decoder	3949
council	3664
agenc	2062
random forest	2231
learning vector quantization	3665
regularization	2232
variou	2233
tilt	2234
image resolution	2996
straggler	3708
computer vision	4879
pure	2235
tile	2236
social psychology	3666
pathway	2237
map	3667
mar	3668
modal	5508
snn	806
max	3670
usabl	2238
intrus	5051
membership	807
snr	808
snp	809
lpcc	3673
grow	2239
man	3674
noun	810
neck	3675
johnson	3676
fluent	2240
switch	5053
block	4841
african	5054
gesture	2241
lsf	811
lsb	812
constant false alarm rate	5055
lsa	813
gradual	5056
lsi	814
stability	2242
graduat	5057
lyric	3680
lsp	815
pitch	3681
autoregressive model	3682
pointer	2243
entiti	2244
reinforc	2245
group	817
monitor	818
concis	3950
polici	1587
interesting	819
mail	5059
main	5060
tonic	2247
finance	2248
financi	2249
initi	2113
information privacy	3683
workload	820
cognition	2251
massachusett	821
cett	5061
bridging	822
zurich	4933
parallel processing	2252
time frequency analysis	5062
feature extraction	5063
continu	823
baselin	3687
canada	3688
multilingualism	826
sensor	3689
correct	5064
diseas	4944
quran	3690
clustering high dimensional data	5065
orl	3691
california	5066
cough	3692
sejnowski	2254
frequenc	828
change detection	2255
principl	829
think	3694
frequent	830
first	831
performance metric	3695
acquisit	3696
long	1263
averag	4632
deciph	3697
proposit	3698
microarray analysis techniques	2999
itemset	3699
interrel	3700
keypoint	4980
educational research	5069
surrog	832
speech analytics	833
named entity recognition	5070
knowledge base	3701
factored language model	5071
squar	4998
advic	5072
hyperparameter	2258
consortium	3702
wiener filter	834
adaptive control	835
channel	5073
incoher	836
pain	2259
phonotactics	837
trace	5075
normal	5076
track	5077
correlation	5308
libsvm	5078
gyroscop	5079
aloud	3953
beta	839
tract	5080
pair	2260
synonym	840
praat	841
minibatch	2261
shop	3703
multilingu	2262
lexicon	5081
shot	3704
cornel	5031
rhetor	842
therapist	5082
sargable	843
threshold	844
composit	3954
markov chain	2263
contemporari	2264
parametr	845
black	2265
cepstral	5083
undersampling	3707
ranking	5084
data modeling	5049
hungarian	2266
kinemat	5085
secondari	3709
data pre processing	5086
median	5087
yield	5088
mediat	2253
summari	2267
wiki	2268
kernel	2269
autocorrel	5089
unweight	2257
seam	846
teager	3710
infinit	5074
parent	5091
autotutor	3711
innov	847
sequential minimal optimization	3712
forecast	5090
enough	849
reading	2271
foreword	2272
combinatorial optimization	4425
rhetorical question	605
intersess	850
jfa	3714
syllabic verse	5092
audienc	5093
improv	851
acceler	5094
cancer	2273
audiology	1835
cancel	2274
motion detection	5109
ultim	852
encryption	5095
cqa	3715
conceptualization	3716
mari	5096
mark	5097
workshop	3717
metaheurist	2294
articulated body pose estimation	3718
suscept	3719
bayesian	5098
lectur	3487
sound	853
interoper	3754
kappa	854
nonstationari	855
outcom	2308
coco	856
margin	2275
planar	3720
advantag	857
forward algorithm	858
destin	2276
cluster	5099
protein	5138
everyday	5100
wordnet	3721
par	5513
doctor	5101
control engineering	2277
authentication	2278
speech	3722
facial expression	2279
pal	5102
exhaust	5103
safe	2280
web search engine	5104
assist	859
companion	860
capabl	2281
discriminative model	3723
appropri	2282
macro	79
markup	5105
vertebra	3724
region of interest	5154
workplac	862
object model	863
outdoor	5161
execut	3725
multiplex	3727
aspect	5106
monaur	3728
inductive transfer	2783
structured support vector machine	2366
temperatur	5107
grid	3730
tubingen	3731
server	3732
nose	2283
database transaction	5108
drosophila	3733
smartphon	4642
adequ	2284
language proficiency	865
vector space model	866
gross	2285
confirm	3734
overcomplet	2870
inject	2286
random variable	2287
palmprint	867
asynchroni	2289
hcrf	3735
euclidean distance	5110
island	2291
feature selection	2292
road	5111
terminolog	5112
brown clustering	2428
spline	3738
complianc	5113
jigsaw	3739
monte carlo method	5114
digital library	4052
labelling	870
text segmentation	2293
cooperative learning	2439
conceptual clustering	3740
svm	608
cryptograph	2444
possibl	3741
unusu	5115
exemplar	3742
embed	3743
citation	3744
deep	3745
examine	872
confusion matrix	2295
file	3746
cultur	3747
proport	3748
digital signal processing	2290
film	3749
fill	3750
formant	3751
personnel	3752
hybrid	2462
field	2296
architectur	873
condens	874
sequenc	875
vertex	2297
network	4645
descript	876
unseg	5116
u	877
supervised learning	2298
oral	3753
represent	2299
forget	5117
phonolog	1847
cellular network	2301
vilt	3755
semest	3756
children	5118
straightforward	5119
fals	2302
offlin	5120
util	5121
fall	2303
bottleneck	2304
wsd	2523
wsj	2525
wsn	5122
apprais	2306
neighborhood	5123
trainabl	5124
zero	878
perception	3757
cascading classifiers	3758
autoencod	3759
excit	2307
abc	5125
microphon	5126
marathi	3760
abl	5128
hurdl	879
public	3761
unlabel	880
movement	3947
sliding window protocol	3762
variat	3763
sophist	2309
karlsruh	2310
adaptive system	5129
motor control	881
valu	2311
search	2312
field programmable gate array	686
narrow	2313
pathological	2314
quotient	2315
declin	3764
curat	2565
primit	5570
transit	2316
link state routing protocol	5343
inappropri	3765
triphone	2317
establish	2318
speech translation	2319
eye	3766
distinct	5131
regist	5132
diamond	2584
desir	882
correlation clustering	5133
document processing	2320
particular	5134
neurosci	2322
dictat	3767
none	2601
hour	884
hous	5368
recall	5370
der	2325
alaryng	615
paragraph	3768
del	2326
dem	2606
atari	5135
instantan	3769
share	5136
cation	886
sphere	3771
minimum	887
attain	3772
explor	888
explos	889
sharp	5137
extrins	890
multispectr	2621
comfort	891
csp	5140
csr	5141
faculti	2328
naive bayes classifier	3773
learning automata	2634
blood	2329
associ	2330
adaptive multi rate audio codec	5142
dragon	892
spheric	3774
ensembl	893
facebook	4857
preposit	5143
infant	5144
rotat	894
hypertext	2331
unimod	2332
radar	3776
suffer	3777
handheld	2333
late	2334
penn	2335
pca	895
good	2667
inria	3779
compound	896
oxford	3780
learning to rank	2336
micro	897
token	2337
evaluation of machine translation	898
orthogonal frequency division multiplexing	3781
subsystem	5145
harm	3782
mental	5146
unequ	5438
timelin	5440
idea	2338
limsi	419
connect	5147
energi	3784
orient	5444
admiss	2339
print	3785
difficulti	5304
gammaton	3787
senon	3788
suspici	5148
mmi	900
algorithm design	2340
workstat	901
network performance	902
perturb	5149
exchang	903
stabl	905
iarpa	906
unrestrict	3789
least	3790
paint	2343
statement	2736
twenti	2344
park	3791
selector	2345
part	3792
pars	3793
exposur	907
b	2346
contrari	5150
cyclic	908
horizont	5152
discrete mathematics	2347
triphon	3794
fixat	3795
urban	3969
sensorimotor	3796
linear predictive coding	2348
fading	5153
commentari	2349
onset	2350
complex systems	5155
build	5156
data classification	909
distribut	3797
previou	5157
chart	911
prolifer	5158
charl	912
interaur	913
adaptive algorithm	2351
valencia	1945
kl	2352
kw	2353
theano	914
clinician	915
iterative reconstruction	916
sector	3798
commerc	5160
nodul	2354
fine	2792
find	5163
multichannel	5164
firewal	3799
big data	3800
decision support system	5165
obstruent	3801
touchscreen	2355
notation	2356
express	917
breast	3458
common	3802
intellimetr	918
commod	5543
automatiqu	2357
decompos	2818
glottal	5167
autoassoci	3803
atla	920
expert	921
misalign	3804
someth	5168
debat	5556
smallest	5169
myriad	2358
multiparti	2359
experi	922
altern	5170
appreci	2831
complement	3805
binaur	2360
complementari	3806
embedded system	3278
popul	3807
home automation	923
subtitl	5172
dysarthria	5173
annual	5174
foreign	924
dietari	5176
point	925
instanti	3808
reinforcement learning	5177
levantin	5178
suppli	2362
backend	926
robot control	2363
smote	927
finite state machine	928
laplacian	5179
secret	2365
instance based learning	5180
kalman	3809
ecosystem	2477
gan	5586
understand	2367
repetit	5181
solid	5182
probabilistic classification	3811
unifi	2368
scale space segmentation	3812
anonym	929
time domain	930
language arts	377
propag	931
centr	2369
centuri	3686
minutia	5183
benign	3815
itali	5184
multicor	3816
monophon	2371
development	933
poselet	3817
timit	3818
moment	2373
chang	3494
travers	934
task	935
pattern recognition	3819
entri	5186
chemistri	2374
landmark	2375
tast	936
ldc	3820
lda	3821
multiclass classification	2377
shape	937
cut	938
cup	939
danger	4867
kinect	940
neuroevolut	5187
cue	55
persuas	2924
app	1277
bin	2926
big	883
adaptive neuro fuzzy inference system	3822
bic	5188
bia	5189
judgement	3823
bit	5190
peripher	3824
data compression	3825
semi	3826
similarity measure	5191
princip	5192
background subtraction	3827
often	5193
adaptive filter	5194
back	2378
histogram of oriented gradients	3828
strongest	5195
mirror	3829
ofdm	5260
scale	5196
pet	2380
per	2381
pen	2382
mathemat	5197
larg	3830
reproduc	2383
patient	3831
knowledge transfer	2384
approximation algorithm	3832
biomark	2953
readability	3833
constraint	3834
drama	5199
disclosur	5200
pertin	3835
bankruptci	5201
phase	3937
lesson	3836
nss	3837
inclus	2385
mkl	2386
agricultur	946
pronunciation	5202
handbook	5203
includ	2387
forward	2388
eigenvoic	5204
sdr	5205
semantic similarity	2389
alternating decision tree	2390
translat	2270
switchboard	947
effective method	2391
concaten	948
dynamic programming	5207
clips	5208
resampling	3838
remaind	2475
curv	950
electronic engineering	951
constant	3981
curs	952
utilis	953
fluenci	5209
engineering	2392
fluency	5210
constitut	3023
sequenti	5211
priori	3841
asymmetr	3842
benchmark	2060
binar	955
lens	5212
computational complexity theory	2393
fisher	2394
phonation	2396
gabor wavelet	956
tradeoff	5213
resynthesi	149
heuristics	1798
queri	2397
literari	957
privat	5214
clickstream	3843
vietnamese	958
voice activity detection	3844
granular	2399
atlas	5215
maryland	185
passiv	2400
rhyme	190
mous	5216
volum	2401
vlr	3845
scripting language	3846
geograph	5247
k svd	959
instantaneous phase	3067
visualis	960
crop	2402
information processing	1282
leakag	5217
carlo	209
resembl	961
access	216
microprocessor	962
image quality	5218
impuls	2403
ant colony optimization algorithms	3848
distributed computing	2404
fuzzy set	3849
language disorder	3850
closur	3282
sink	3092
sing	2600
vertic	5220
implicit	3851
remark	2405
earli	4753
implement	963
blizzard	238
foundat	3853
posteriorgram	2409
entity linking	2410
limb	5221
multitask	5222
selection algorithm	5223
parallel computing	629
chi	964
seamless	2411
websit	965
imprecis	5224
trait	3854
handcraft	3855
transient	3856
iii	3857
account	3858
f	3859
statistical hypothesis testing	5226
cambridg	2412
tag	5530
probabilistic logic	3141
rehabilitation	265
audio mining	2413
employe	3147
speech recognition	2414
semantic web	5228
cognitive science	3860
onlin	967
surfac	3155
gci	5229
forest	3861
stock	5230
redund	2416
philosophi	3180
physic	3862
wireless sensor network	3863
bayes theorem	3864
codebook	3865
imagenet	5231
lingua	3866
imperson	3867
meter	2417
narr	630
lf	2418
le	2419
lc	3203
use case	3869
youtub	2421
lm	2422
compressed sensing	2423
labor	5232
lt	2425
lr	2426
lp	2427
preval	5233
dae	5234
greater	3870
dan	5235
spell	3871
mention	3219
market segmentation	970
day	5236
spectral clustering	972
spatial analysis	3872
bayes classifier	3873
identifier	5237
intellig	3874
lfw	5238
fluctuat	3875
disentangl	973
temporal annotation	974
posteriori	3876
rel	2429
defens	3250
red	2430
insid	976
workflow	977
interpersonal communication	5239
que	978
releas	5240
likelihood	2432
afterward	3879
dirichlet	2433
midi	5241
retail	2434
south	5242
suffix	979
crowdsourc	1287
facil	2435
messag	1879
variable order bayesian network	3880
ogi	2436
roadmap	3988
prune	5245
morph	981
embodi	5246
bitrat	2437
structur	2438
charact	387
transducer	982
amplitude	3881
fraudul	3882
rough set	3883
robot learning	1062
immigr	3884
throat	983
mil	3885
min	3886
mid	3887
mix	3888
mir	3890
mit	3891
preliminari	5248
dialog system	984
transcript	2440
payment	985
sfa	986
homogen	2441
usability engineering	3317
gather	5249
request	3892
proteom	5250
bounded function	417
text	5251
knowledge integration	987
motor theory of speech perception	2443
empir	988
portfolio	5252
texa	5253
staff	3893
ksr	5254
approximation error	3894
learnabl	5255
rgb color model	5256
ambiguity	2445
inferior	3895
expectation maximization algorithm	3896
beat	5257
arrhythmia	989
bear	5258
beam	5259
increas	2446
organ	2447
integr	3897
conform	2448
transfer of learning	3898
fmllr	2449
game design	2450
backchannel	2451
turku	5261
reform	990
pattern	471
boundari	991
progress	3000
thumbnail	3899
intrusion detection system	3900
patholog	3901
linguistics	2808
outer	3503
technical report	3902
instant	2452
equal	993
instanc	2453
equat	994
venu	5262
multi label classification	2455
image segmentation	5263
guidelin	5264
data science	995
word recognition	3905
web navigation	3906
gradat	3907
anomali	997
gaze	3909
teamwork	998
electr	3910
eigenvector	4440
upcom	3403
bulk	3911
determinist	3409
multi	3912
plain	5265
rectangular	5266
defin	2456
tokenization	5267
handwriting	5268
chaotic	3914
multilayer perceptron	3417
substanti	2457
partner	999
arabic	2458
tracheoesophag	3915
facet	5335
japanes	1000
auto	2068
infer	3917
iot	5562
judgment	3441
center	2459
neural	1001
nevertheless	1002
viterbi	2460
versatil	5270
thought	5271
interpol	5272
markov model	3292
usual	2815
manner of articulation	2461
mean squared error	4881
clinic	5273
testbed	2463
systemat	3918
linguistic description	569
gmm	1004
locality sensitive hashing	5274
object class detection	1005
match	3919
data structure	1007
immens	3921
cntk	5275
deep belief network	1008
punctuat	5276
testb	2465
realis	4581
insert	2466
like	1009
success	1010
unintellig	5278
soft	5279
italian	3922
wider	4670
convey	5280
convex	5281
proper	3923
mid vowel	3924
est	2468
dysphonia	1011
esa	2470
esl	2471
trap	5537
knowledge engineering	5282
noise	5283
slight	2472
dcf	1014
noisi	5284
host	5285
dct	1015
simpler	4163
actual	3925
justif	1016
lifecycl	3926
discard	5286
certainti	3927
predictor	2474
dataset	3506
chronic	5287
mobile phone	3928
adni	5288
leverag	1017
biometr	2119
pictur	1019
fuzzy control system	5289
dynamical systems theory	3929
nonparametr	3508
biggest	3931
signal to noise ratio	2476
unexpect	3932
bug	3525
wish	3528
j	5290
bandpass	3933
whisper	1020
handset	5291
pie	5292
autism	3934
probabl	2478
application software	2480
guidanc	1022
detail	1023
virtual	2481
open research	3935
ubm	1024
maximum entropy markov model	5293
pupil	2482
sleep	5294
computational geometry	1025
tweet	2483
web service	2300
concret	5295
mwe	5296
natural language	1026
risk	3576
rise	5297
quantif	2484
quantiz	2485
document clustering	3936
arous	1851
quantit	2486
school	1027
phonebook	2488
transduct	2489
decoding methods	3938
unsupervised learning	3939
naiv	1028
direct	733
opensmil	1827
isomap	3940
aim	2492
linear subspace	1029
blur	1030
pairwis	3297
dereverber	2494
slfn	2495
asymmetri	2496
subtre	2497
studio	2498
subword	3942
path	2499
enrol	3943
forum	3944
precis	3945
web mining	1032
fourier	3946
spacetime	2500
portabl	1033
tremend	1034
association rule learning	5300
query optimization	5301
describ	5302
norb	164
prescript	1035
asset	5303
spike	1038
breathi	2501
phone	5305
me	1957
md	2502
mf	2503
ma	2504
multinomi	2505
mc	2506
mm	2507
ml	2508
mo	3651
mi	2509
mt	2510
introduc	1040
ms	2511
mr	2512
proper noun	533
captcha	1041
cognitive style	5306
scheduling	3663
attract	1042
tediou	5339
end	3672
midsagitt	2513
highband	5307
gate	3684
widespread	3685
dialect	1043
mesh	2515
parallel	1044
k medians clustering	3951
bootstrap	2516
learning object	2517
environ	2518
incorpor	3952
recursion	2558
exclus	838
web query classification	5309
frontend	2519
deform	1045
rule based machine translation	5310
jpeg	3955
dijkstra	1046
london	3956
cortic	5311
dynamic perfect hashing	2520
unpreced	3713
drawback	1073
fade	2521
comprehens	2522
multidisciplinari	1047
uncorrel	3514
interdisciplinari	864
least squares support vector machine	3726
choic	3729
mcmc	3958
unnatur	2524
image texture	868
prohibit	3737
object language	3959
depress	3960
bhattacharyya distance	5312
fuzzy clustering	1048
gop	2526
arizona	1211
worthwhil	3961
free	5313
cure data clustering algorithm	3962
boosting	1049
front and back ends	2527
brain computer interface	2528
correctness	885
substructur	2529
filter	1050
distributed algorithm	3775
rang	3963
coding	2530
rank	3964
necess	1051
restrict	3965
primari	1052
toy	3966
tor	3967
sarcasm	1053
top	3968
decorrel	5549
text mining	2531
image fusion	1054
consol	5315
conson	5316
tool	2532
western	2533
conserv	3970
hierarchical database model	1055
neurophysiolog	1056
gabor	5317
learning classifier system	3971
human visual system model	3972
hypothes	4677
lbp	2534
fashion	2535
raw	5318
rap	5319
speech production	2536
ray	5320
snow	3973
thorough	1057
contact	3302
natural language processing	5321
thoma	3974
resource allocation	2537
beamform	3975
image retrieval	3976
insur	3977
plenti	942
bss	3978
carcinoma	2538
hyperparameter optimization	2539
richard	4451
precision and recall	3979
partition	3840
flow	2540
reputation	954
false alarm	5127
k shortest path routing	1059
tissu	646
synapt	5322
synaps	5323
random	2541
radio	3980
carotid	1209
earth	5324
mrmr	5325
absolut	1060
spite	1061
gesture recognition	5326
configur	3852
salience	2542
ocr	5327
amazon	5563
report	3983
reconstruct	3868
toolbox	969
incept	3984
multisensor	2543
question answering	5328
comprehension approach	5550
educational data mining	3986
security token	2544
test data	5329
habit	3987
blend	2008
mammograph	2545
resist	2546
corrupt	3989
expertis	5330
tensor	2547
databas	5331
anfi	5332
discoveri	1063
lvcsr	3990
outstand	5333
finger	1064
approach	3991
handwritten	2548
confusion	2550
weak	3992
laryng	3993
drowsi	1065
larynx	3994
news	1066
protect	2551
acoust	2552
irregular	3995
fault	1067
ventricular	3916
interfer	1078
comprehension	5336
trust	3996
nonsens	5337
accumul	2553
margin classifier	5338
eigenfac	2554
n	1070
lesser	2555
pyramid	3997
cohes	2821
usable	404
acoustiqu	3998
pathology	1072
inventori	2557
suggest	3999
complex	3957
complet	2559
minimum mean square error	2560
portal	4000
normalization	4001
test validity	1074
query language	1075
greatest	2561
mother	4002
probabilistic neural network	2562
everyth	2563
search engine indexing	2564
laptop	5340
grader	1076
speechdat	1077
corpus linguistics	5341
elm	4004
brigham	212
bpnn	4005
evolutionary computation	1069
expon	1079
explanatori	5342
elt	4006
motion planning	2566
authorship	4007
datacent	2090
rumor	1080
arbitrari	4009
sandhi	1081
unstabl	5344
avatar	1082
excerpt	1083
unbias	1565
indirect	2568
phonotact	4018
ici	2569
cooper	2570
binaural recording	4010
ica	2571
memor	5130
cnn	5345
ict	2572
core	2573
hsi	1084
subspac	2574
hsr	1109
constructivist	1085
alexand	1086
occlus	1087
disjoint sets	1088
festiv	2576
occlud	1119
audio signal processing	5346
untrain	5347
constructivism	1089
produc	2577
modalities	1090
encod	5348
storag	4011
categorization	2578
frustrat	4012
hypermedia	5349
transform	1134
relu	2579
verbmobil	1092
anderson	5350
synthesis	5351
head	2581
medium	2582
wireless	4013
frgc	1094
hear	2583
gradient boosting	3307
information and computer science	5352
corrective feedback	5353
fundament	4014
forearm	4015
trie	5355
parser combinator	5356
hamm	4016
trip	5357
nh	2585
nk	2586
second language acquisition	4019
nn	2588
nb	2589
tip	5358
ne	2590
ng	2591
np	2592
tie	5359
nr	2593
ns	4095
node	4021
benefici	5360
eigenvalu	1096
consid	1097
sql	4023
younger	5361
faster	1181
nucleu	1098
information integration	2595
prior probability	2596
nuclei	1099
backward	2597
coach	4024
access control	4025
celebr	1100
focus	4026
signific	2598
computation	5362
internet traffic	4027
row	1101
social relation	2599
proxim	5363
readabl	4028
text processing	4029
environment	4030
melod	5365
multilinear	4031
callhom	1103
sourc	4032
psqm	2323
unfamiliar	1104
feasibl	5366
artwork	5367
level	1105
polysyllab	2602
multinomial distribution	1218
shortcom	5369
nonn	2324
quick	5371
slower	5372
gaussian process	1106
trend	1226
cyber	4034
pmc	2407
port	1230
software maintenance	2604
spectral	2605
unobtrus	1107
document classification	2607
water	5373
entertain	1108
noninvas	1110
thirti	2608
healthi	4035
semant	2609
convolution	4036
polynomial kernel	5375
visibl	1257
volumetr	5376
memori	5377
msr	2611
speech synthesis	1112
percept	4037
criteria	2612
evolutionary algorithm	4187
msd	2613
msa	2614
chapter	1115
capit	4038
emiss	133
language production	1116
prototyp	5379
judg	4039
inadequ	2615
purpos	5380
laughter	2616
usability	1117
stream	5382
stroke	2617
surround	2575
swedish	2618
differenti	4277
detector	3518
vital	1120
anyon	4042
fourth	1121
british english	656
cocktail	5384
clone	5385
fiduci	3311
csi	5139
classroom	5386
practic	1122
liquid	4482
secur	2327
predic	4044
inform	1123
preced	1124
combin	2622
acceleromet	1125
extractor	4045
microscop	4046
software agent	2623
passag	2624
vtn	1322
platform	1126
learning rule	4048
pattern matching	1336
term	4049
name	4050
realist	2625
advent	5388
cerebr	5389
submodular	2626
multiobject	1127
band pass filter	5390
software bug	2627
realism	2628
individu	1128
profit	2629
infrar	1359
cognitive neuroscience of visual object recognition	2630
profil	2631
inadequaci	4051
factori	5391
migrat	1129
hull	5392
string searching algorithm	2632
theori	2633
inductive bias	5393
synchron	2635
dialog act	2636
motion	5394
turn	1131
place	4053
bag of words model in computer vision	2637
ture	1133
imposs	2639
origin	2640
suspens	5395
array	4054
predefin	4310
given	4055
softmax function	1093
plastic	5396
adject	1135
circl	2642
white	5397
hub	2643
season	5398
copi	4056
specifi	4261
online algorithm	1136
computer aided	2644
wide	5399
miscu	5400
ubiqu	1137
computer	1138
n gram	2646
posit	1139
seri	4059
pre	2647
generality	5401
ann	5455
discrete cosine transform	2101
generalization	4830
ant	2649
game mechanics	4339
techniqu	1140
transcription	4345
ideal	4060
animation	1141
exploratori	2650
paraphrase	5402
surf	1142
surg	1143
semantic web stack	1144
clearer	4061
fric	2651
icon	1145
music information retrieval	5403
system testing	5404
later	1447
quantiti	5405
cortex	4359
textual entailment	1146
babbl	5406
slope	5407
nlp	4063
cheap	1147
sketch recognition	3057
recombin	4367
permiss	2653
mexican	1575
nlo	4066
interperson	4067
written	2102
shimmer	5408
crime	2654
multiscal	4375
analyz	4068
analyt	4069
analys	4070
hyperspectral imaging	1148
viewpoint	5409
retin	5410
sss	5411
ssl	5412
tailor	2655
distortion	3058
computational intelligence	4072
reveal	4073
outperform	1150
dramat	4074
intrins	1151
bag of words model	1482
irrespect	1152
training system	1495
labori	2656
detect	2657
categorical variable	5413
review	5414
mtl	4689
social network analysis	1510
common spatial pattern	1154
cycl	2658
reaction	5415
repertoir	5416
data visualization	4075
prosod	4424
region	2659
quiet	1155
contract	1156
reverberation	5417
utterance	5418
jitter	4076
color	2660
inspir	1157
period	1530
sampling	2662
colon	2663
poi	4077
typic	5522
endeavor	4078
coloni	4079
coupl	2664
deconvolut	1158
kernel fisher discriminant analysis	198
filter bank	2665
region growing	1159
tamil	2666
spirit	1160
pilot	1161
case	1162
casa	1163
telephoni	5419
stochastic neural network	1164
mispronunci	5420
unsatisfactori	4459
clutter	4461
pruning	2668
author	1165
obfusc	5422
alphabet	2669
numerical digit	4081
check	4082
html	4083
week	1166
assembl	4017
persona	4085
first language	1167
nest	4086
confidenti	4087
driver	5425
web server	1582
visual word	1168
driven	5426
vowel	4088
footprint	4089
nl	2587
cartoon	4090
moder	2671
pennsylvania	4091
relief	1169
model	2672
reward	4093
undersampl	4280
polish	1170
univariate	1171
feedforward	5427
heuristic	2673
task analysis	1172
hint	5428
except	4493
blog	5429
vulner	1173
disrupt	4094
steganalysi	5430
implant	1095
realtim	4096
deliveri	1759
tree kernel	1174
pcanet	4097
intact	5432
mooc	1175
slice	5433
mood	1176
legal	2677
subproblem	5434
intract	2678
complic	5435
programming language	2679
immun	2680
garbag	1177
inspect	5436
universit	899
physical neural network	1178
spss	4098
stanc	4099
kernel embedding of distributions	2681
oz	4534
os	2683
routin	1179
communication	2684
laryngectome	4100
labial	2685
modeling language	5437
reli	2580
ehr	1180
strict	4553
interfac	4101
valley	5439
hard	3783
gibb	5441
tupl	2687
regard	4102
diffus	4103
longer	21
notat	5334
vocal tract	4104
grasp	1182
taylor	4575
rvm	2688
cbr	4580
politics	2689
incorrect	5442
statistical inference	4756
purdu	5443
compel	4105
multiclass	4106
idiom	2690
compet	4107
iris recognition	2691
spoken language	2692
discours	1183
symbol	5445
briefli	4108
unbalanc	2694
directori	1763
invest	2695
wifi	1184
potenti	4109
degrad	4110
assimil	1185
lack	5446
independent study	2696
scalar	2697
disc	1767
abil	4111
follow	2698
disk	330
fault tolerance	1186
adversarial system	1187
multiview	4112
program	2700
automated essay scoring	2701
activation function	4113
neglig	2702
liter	4114
song	5447
far	5448
ical	2703
worst	2704
failur	1188
fac	968
sensory cue	4115
induct	2705
lisp	1189
list	1190
phonology	1191
activity recognition	5566
synergi	5450
ten	2706
foreground	3786
haar	1192
ted	2707
biolog	5451
pressur	2713
design	2709
belief	3065
serv	4057
typolog	2710
sub	1193
sun	1194
sum	1195
ovarian	2711
overload	4116
version	1196
ozon	5452
sur	1197
intersect	1198
shermi	5453
segmentation	2712
machine vision	2714
behaviour	4117
berkeley	4118
zone	1853
mac	3671
magnitud	1199
multilevel	1895
overfit	4119
universal hashing	2715
heurist	1200
proceed	4120
coverag	4686
nonverb	2716
autonom	4121
minor	4122
morphabl	1848
mellon	4123
prefac	1585
probabilist	4124
known	4125
cochlear	5454
relevance vector machine	2717
valuabl	2718
outlin	1202
pitch accent	1203
teacher education	2719
portugues	2720
caveat	1204
v	4126
feret database	4127
rectif	5456
rescor	1205
transduction	2722
cours	4128
court	4129
goal	4130
rather	1206
zhang	1856
divis	4131
resourc	1889
algebra	4132
chunking	1207
voice analysis	1208
reflect	5457
catalog	4133
short	1210
psychoacoust	5458
ambigu	5459
caus	4733
phrasal	5460
multivari	1212
mission	4738
wearable computer	1213
scientist	4739
style	4135
call	4136
alter	2724
return	5462
decision stump	1214
framework	5463
botnet	5464
bigger	2725
administr	4698
kaldi	4757
compris	5465
iterative method	1216
friendship	4137
truncat	4138
weight	1217
linkag	4139
expect	4140
web search query	5466
principal component analysis	4768
beamforming	1219
health	2726
hill	1220
wisconsin	2727
advanc	4779
yale	4141
guess	3068
language assessment	1222
teach	2729
lag	4629
posterior probability	5470
thread	5471
neurolog	1969
receiver operating characteristic	2730
circuit	2731
avec	205
feed	1427
feel	1989
construct	2342
decision theory	2732
script	4802
gpd	1225
dynamic source routing	4143
swarm	2734
stori	1227
gpu	2002
store	1228
generative grammar	2735
imperfect	5474
option	5475
hotel	4145
instructional design	2007
automatic speech	2738
pronunci	2739
kind	1229
remot	2740
remov	2741
stochastic modelling	5476
cost	426
postur	2742
danc	5477
software construction	2014
gale	5478
neocognitron	5479
dedic	5480
violat	2743
pmi	2603
efl	2744
reach	5481
syllab	4147
linear regression	5482
adaboost	1231
melodi	4855
stft	5483
melody	4862
font	5484
penalti	2745
hit	5485
financ	2746
fastest	4150
network topology	4880
compiler	4151
continuum	4152
factorization	1232
plsa	2747
statist	2748
art	5486
proactiv	4153
roc	4154
arc	4894
disadvantag	5487
bark	5488
arm	5489
learnt	5490
inconveni	4155
human robot interaction	2749
nontrivi	4156
anaphor	2094
nearest neighbor search	5491
latin	4157
syntact	4158
genet	4706
induc	1233
sole	2103
aspir	1234
lifelik	4159
solv	1235
tracking system	2751
c	5492
license	2752
immers	4160
quantization	4161
latent semantic analysis	2753
context	4162
linked data	1236
distress	1237
cryptosystem	5493
kernel method	5494
residu	1238
mistak	1239
pr	2754
ps	4926
pp	2755
java	4164
due	2756
pc	2757
pa	2758
pf	2759
pd	2760
pe	2761
po	5171
pl	2762
strategi	4934
flight	1240
dropout	2764
demand	2128
instructor	1241
pedestrian	3072
batch	2765
feret	4945
behavior	5496
orthography	4165
network management	1242
orthographi	4166
illinoi	4167
software metric	2767
beam search	4168
twofold	5497
minim	5498
hadoop	1243
order of magnitude	1244
viola	4170
higher	1245
wherea	5499
covari	5500
multimod	4171
model selection	2769
lower	2770
machineri	1246
propos	5501
unseen	4923
collabor	1249
relianc	5502
data stream	4172
network model	4173
inference	1864
machine translation	1250
tablet	4174
stimul	2772
humanoid	1251
theoret	5503
corefer	1252
theorem	5504
finder	2176
signal processing	2773
viabil	2774
moodl	2188
feedforward neural network	2775
catalan	4999
emotional expression	5505
clitic	4177
mahalanobi	2776
discriminatori	1254
dynamic time warping	1255
probabilistic latent semantic analysis	5506
earthquak	5507
collect	1256
pipelin	1595
understood	2777
consciou	4179
surpris	2778
particle swarm optimization	1258
waveform	2779
proc	2619
framewis	4180
viabl	5036
medical imaging	2780
glaucoma	2230
edit distance	4181
dialog	4182
prostat	2781
gamma	4183
emphasi	1259
plethora	4184
elra	5509
spoken dialog systems	2782
communicative language teaching	1260
artifici	1261
markov chain monte carlo	5510
question	1262
fast	2784
adjac	5511
arithmet	1058
cepstra	2786
cloth	4185
uncontrol	5512
delta	4186
australian	5378
consist	4188
suprasegmentals	1264
chinese speech synthesis	5514
today	1114
highlight	4189
formative assessment	5515
statistical significance	4190
universiteit	5159
spontan	4191
vendor	4175
meaning	1265
sibil	1266
transfer based machine translation	5517
vice	4192
reading comprehension	5518
prononci	4193
narrative	4194
edg	4195
cursiv	4196
edm	4197
sentiment analysis	2305
multiperson	5519
simon	4198
gold	3076
mainstream	1269
arteri	4199
electron	2788
electrod	2789
spoof	4200
relev	4201
feature vector	3332
text graph	4202
fourier transform	2790
pleas	4203
malici	2341
smaller	4204
fold	1270
helicopt	5151
cat	3335
stdp	1271
compat	1272
compar	1273
document retrieval	1274
relationship extraction	5162
vibrat	2794
cluster analysis	4041
larger	1275
intelligent word recognition	5521
honeypot	4205
theoretical computer science	1869
spatio	1276
appli	5523
approxim	2795
api	1278
motor	5524
apm	1279
opcod	2379
use	5198
usa	2796
sort	2797
linear model	2798
musician	2799
impress	2800
digital image	1281
learner autonomy	5525
women	3656
augment	2801
pedagogi	4207
critic	1118
pedagogy	4208
proof	5527
written language	5528
steganography	5529
remedi	220
raw data	1284
steganographi	5227
proprietari	2802
serial	5531
overfitting	4209
dwt	4210
six	4211
occur	2803
sid	4212
lesion	2804
attend	1285
outlier	5532
wrist	3677
attent	1286
ethnic	5243
topograph	5244
semantic property	2806
light	4213
synchronization	1605
multiple kernel learning	1288
cepstrum	2807
elig	5533
pointwis	5381
convolutional neural network	1289
whilst	1290
superior	1291
voiceless	5534
newsgroup	4214
missing data	1292
underpin	4215
3d single object recognition	2809
crowds	1293
crash	5269
nonneg	1294
fingerprint	2810
investor	2811
transmitter	5536
error driven learning	4216
mfcc	1295
edit	1296
metacognition	2467
softmax	1297
quadratic classifier	2812
rhythmic	334
discrete fourier transform	869
multistream	1298
related	4217
information extraction	5538
dysphon	2813
interplay	4218
annot	5526
user modeling	2479
dbscan	1299
sentiment	1300
frontier	4220
categori	5539
semev	5540
plural	4221
adaptive learning	4222
data stream clustering	2814
york	5299
dictionari	5541
philip	4223
g	1301
learning environment	3082
conversation	5542
organis	2514
lte	4224
organiz	1302
footag	5544
concept mining	5545
echo	4225
prioriti	1303
salient	5546
weka	5547
unknown	1304
accent	5548
capac	4226
salienc	4939
communications system	1306
shallow	2817
stock market	4228
richer	5551
limiting	4229
histor	3100
aggreg	4321
clip	1308
cohen	2819
rocchio	5552
coher	2820
reserv	919
disjoint	1309
mandarin chinese	2822
diverg	5553
rout	2823
probability density function	5554
graphical user interface	4230
divers	5555
second language attrition	4231
multitud	1310
histogram	689
class	4233
dens	5354
determin	2594
inexpens	4234
gain	690
vocod	2824
nonintrus	1311
utter	1312
fear	1313
overflow	2124
highest	691
locat	1314
cache	5557
empirical evidence	4304
restructur	3086
sensor array	2825
local	1315
cube	1316
contribut	4236
qr	2826
unstructur	5387
qa	2827
partit	1317
qo	2828
view	5559
workbench	2641
credibl	2829
knowledg	4237
elast	2830
distract	1354
syllabif	5560
closer	5561
timbr	4238
favor	3049
physiolog	1318
chemic	4239
speed	1927
exam	4240
amen	4241
joy	1319
content based image retrieval	4242
job	1320
entir	5564
addit	5565
audibl	4243
committe	5423
articul	2670
unclear	1321
baseform	4245
wall	2675
arriv	4246
walk	4247
real time computing	4248
respect	5431
web application	4047
electrocardiogram	1323
blink	462
compos	2834
compon	2835
tutor	2836
besid	1324
hindi	4249
porting	1325
presenc	4250
spammer	2693
hmm	2837
present	4251
align	2838
unsuit	5567
wild	5568
observ	1326
layer	2839
motif	1327
data reduction	1328
motiv	1329
dual	2840
lightweight	1330
backhaul	4808
maxent	5175
cross	2841
member	2842
knowledge acquisition	2723
language transfer	2843
largest	1331
constel	2844
difficult	1332
speech shadowing	2845
automation	4253
student	4254
upper and lower bounds	3091
timbre	1333
information theory	4255
english	5571
binary image	3093
mfc	2846
speech segmentation	4256
obtain	4257
tcp	1334
tcm	1335
biologist	4258
simultan	4259
rapid	2847
elsevi	5572
smith	4260
discuss	4149
book	5573
conditional probability	1337
ensemble learning	2848
myth	2849
hyper heuristic	5575
facial	1338
press	1339
disfluenc	1340
kdd	4262
pomdp	2785
growth	2850
econometrics	2787
leaf	5576
lead	5577
miner	2851
leap	5578
leav	5520
investig	4263
acronym	1341
obes	2852
ripper	1342
interdepend	4264
rare	1343
column	2853
discriminant	2364
carrier	1344
pitch detection algorithm	4265
disabl	1345
em	5579
automat	2854
spiking neural network	4266
weather	1346
handwriting recognition	1347
van	4267
transfer	1348
vad	2816
smoothing	2855
appl	2856
ed	1886
linear programming	1350
fundu	5581
consensus clustering	1352
probabilistic analysis of algorithms	5582
sgmm	1353
troubl	2857
record	2858
data web	1355
decision tree	2860
adversary	3234
mutual	4269
countermeasur	4270
countermeasure	4271
percent	5584
other	2861
programming paradigm	459
branch	5574
toefl	4724
phish	2862
multi task learning	2863
gap	3810
experienc	4272
scientif	1356
reliabl	2864
active appearance model	1357
emerg	5587
auxiliari	1358
superpixel	5585
invari	4273
